w1,w2,w3,w4,w5,w6,CL,CD,CM
-0.093123,-0.547600,-0.258334,0.091363,0.571727,0.108426,0.214600,0.01166000,0.028200
-0.181948,-0.048591,-0.250019,0.270176,0.123088,0.434877,0.627700,0.01349000,-0.058600
-0.196393,-0.073089,-0.320767,0.577976,0.233544,0.185397,0.687300,0.01650000,0.019700
-0.195577,-0.568122,-0.049967,0.167917,0.536834,0.101820,0.363600,0.01197000,-0.021100
-0.474262,-0.205371,-0.361847,0.278629,0.228764,0.582203,0.160900,0.01332000,-0.019600
-0.300456,-0.505266,-0.202059,0.167469,0.040208,0.430457,-0.103800,0.01237000,0.045300
-0.219401,-0.461000,-0.467745,0.579087,0.594823,0.364449,0.102200,0.01737000,0.111000
-0.415884,-0.370841,-0.468791,0.267813,0.471345,0.088527,0.052900,0.01130000,0.059000
-0.078506,-0.452840,-0.181517,0.068813,0.309354,0.293912,0.144000,0.01182000,0.022000
-0.017616,-0.505031,-0.219816,0.165999,0.527613,0.210320,0.387900,0.01121000,0.005100
-0.459846,-0.360989,-0.132753,0.276504,0.570730,0.284037,0.484700,0.01323000,-0.078100
-0.206210,-0.127595,-0.444036,0.574489,0.277651,0.180027,0.668800,0.01972000,0.031700
-0.438068,-0.320856,-0.314784,0.168024,0.519798,0.236970,0.285400,0.01173000,-0.035300
-0.445612,-0.018017,-0.165101,0.589564,0.390449,0.455615,0.642800,0.01764000,-0.055700
-0.053391,-0.082036,-0.323813,0.570853,0.527037,0.399536,0.940600,0.01937000,-0.038000
-0.136810,-0.255963,-0.176556,0.369190,0.442379,0.390889,0.601800,0.01074000,-0.031900
-0.121403,-0.150797,-0.449729,0.376347,0.124756,0.489574,0.468900,0.01895000,0.017000
-0.596047,-0.212261,-0.477889,0.563194,0.245369,0.345565,0.221500,0.01764000,0.028500
-0.528985,-0.416550,-0.261036,0.261358,0.455055,0.345812,0.268000,0.01279000,-0.046100
-0.545873,-0.369566,-0.014867,0.156906,0.599299,0.162912,0.443400,0.01339000,-0.104800
-0.560397,-0.592866,-0.334647,0.551392,0.333083,0.449239,-0.099900,0.01793000,0.064900
-0.055575,-0.324140,-0.486724,0.469929,0.403543,0.154536,0.348000,0.01430000,0.097800
-0.565747,-0.197731,-0.348402,0.276492,0.425515,0.431985,0.351000,0.01307000,-0.064200
-0.408234,-0.258169,-0.490961,0.353433,0.031538,0.099745,-0.139900,0.01128000,0.120000
-0.392635,-0.129327,-0.208309,0.235761,0.041867,0.005685,0.030600,0.01135000,0.054000
-0.105775,-0.350057,-0.270217,0.254151,0.173939,0.160645,0.144300,0.00953000,0.073500
-0.041495,-0.015226,-0.069646,0.060449,0.223191,0.384381,0.590400,0.01264000,-0.083300
-0.213372,-0.216502,-0.530669,0.104592,0.265841,0.226437,0.349500,0.01524000,0.003600
-0.465031,-0.550749,-0.491549,0.467917,0.172690,0.503140,-0.254200,0.01597000,0.113000
-0.464669,-0.080525,-0.590774,0.108350,0.025772,0.296715,0.070500,0.01542000,0.015400
-0.451142,-0.480792,-0.435482,0.581351,0.118438,0.146961,-0.061300,0.01556000,0.124800
-0.308140,-0.569090,-0.041397,0.173490,0.087449,0.467380,0.050400,0.01316000,-0.005300
-0.049707,-0.303287,-0.280566,0.072226,0.553779,0.045615,0.286200,0.01008000,0.029100
-0.450240,-0.091126,-0.394611,0.553969,0.136247,0.468315,0.303100,0.01656000,0.025000
-0.016378,-0.569872,-0.438772,0.186224,0.406502,0.036479,-0.019400,0.01129000,0.128400
-0.079521,-0.447268,-0.155420,0.335395,0.098617,0.342451,0.264700,0.01177000,0.040900
-0.445241,-0.550100,-0.092516,0.398091,0.566342,0.024197,0.291200,0.01481000,0.001800
-0.562341,-0.321002,-0.094735,0.387294,0.477648,0.058699,0.353900,0.01423000,-0.031300
-0.231620,-0.171136,-0.311381,0.248965,0.517955,0.469455,0.618000,0.01276000,-0.069300
-0.231624,-0.034645,-0.205431,0.272375,0.213020,0.047473,0.407100,0.00935000,0.011500
-0.143107,-0.036260,-0.527940,0.290804,0.430925,0.019815,0.607100,0.01879000,0.017800
-0.058064,-0.394364,-0.188127,0.449531,0.104576,0.028939,0.186200,0.01186000,0.112300
-0.573374,-0.587868,-0.003345,0.370912,0.223543,0.004415,-0.028500,0.01473000,0.032400
-0.057853,-0.351319,-0.398547,0.488211,0.223649,0.186688,0.206300,0.01289000,0.121300
-0.156985,-0.142352,-0.595629,0.191111,0.074576,0.034484,0.171200,0.01997000,0.092300
-0.168310,-0.087824,-0.099332,0.216820,0.310738,0.501436,0.892200,0.00955000,-0.145000
-0.470211,-0.394081,-0.019319,0.451699,0.332923,0.332093,0.448800,0.01428000,-0.050100
-0.083195,-0.074324,-0.459035,0.576078,0.105887,0.353651,0.786500,0.02114000,0.011900
-0.342243,-0.182651,-0.002643,0.552664,0.399749,0.094100,0.718700,0.01485000,-0.037600
-0.306995,-0.549080,-0.307649,0.366624,0.122518,0.368672,-0.070100,0.01313000,0.085500
-0.120267,-0.447914,-0.217815,0.594427,0.561160,0.025671,0.469600,0.01619000,0.065800
-0.497476,-0.195313,-0.054975,0.493174,0.127802,0.374433,0.486500,0.01558000,-0.050000
-0.368094,-0.040951,-0.065418,0.227233,0.288218,0.017671,0.408400,0.01046000,-0.028900
-0.302833,-0.337641,-0.502773,0.360038,0.355510,0.007834,-0.026500,0.01178000,0.125500
-0.255364,-0.506219,-0.235534,0.172936,0.148387,0.306622,0.077700,0.00911000,0.029200
-0.503201,-0.107396,-0.366813,0.186918,0.595857,0.552680,0.430000,0.01556000,-0.096400
-0.485493,-0.114001,-0.527241,0.378950,0.271725,0.555886,0.246200,0.01536000,-0.004000
-0.288604,-0.434240,-0.041115,0.454909,0.240592,0.319246,0.454000,0.01356000,-0.015600
-0.570178,-0.467420,-0.398168,0.161091,0.037471,0.417622,-0.379100,0.01455000,0.065300
-0.237347,-0.056727,-0.538527,0.565585,0.557633,0.236848,0.979400,0.02272000,-0.039400
-0.128401,-0.275720,-0.139956,0.241957,0.366310,0.573151,0.616900,0.01106000,-0.081300
-0.535845,-0.103612,-0.299663,0.169618,0.498267,0.137109,0.331400,0.01283000,-0.050600
-0.030196,-0.303593,-0.339334,0.222760,0.254017,0.377082,0.351200,0.00904000,0.022400
-0.110232,-0.596090,-0.128422,0.135119,0.212058,0.416113,0.238500,0.01040000,-0.009700
-0.080889,-0.583079,-0.176868,0.185075,0.008990,0.474564,-0.041600,0.01248000,0.066500
-0.073237,-0.078518,-0.533177,0.427303,0.542452,0.560633,1.026400,0.02249000,-0.088800
-0.110223,-0.500171,-0.337711,0.559307,0.426241,0.468502,0.199100,0.01564000,0.091500
-0.483719,-0.122165,-0.434021,0.517060,0.228679,0.341778,0.312500,0.01604000,0.022000
-0.351746,-0.382912,-0.382476,0.066652,0.035850,0.175572,-0.291900,0.01445000,0.096700
-0.362832,-0.484050,-0.295182,0.385888,0.007434,0.042433,-0.195500,0.01292000,0.129500
-0.297652,-0.437630,-0.125753,0.341766,0.001269,0.265395,0.141800,0.01273000,0.035600
-0.491604,-0.027987,-0.421337,0.391757,0.405816,0.060314,0.332900,0.01407000,0.016000
-0.164395,-0.445337,-0.430184,0.473962,0.220307,0.027734,-0.021300,0.01282000,0.160400
-0.373050,-0.211048,-0.473369,0.556234,0.199869,0.158389,0.210500,0.01396000,0.089200
-0.011631,-0.549343,-0.219174,0.354594,0.127322,0.143555,0.129000,0.01133000,0.102700
-0.411335,-0.375503,-0.178100,0.299576,0.414016,0.342204,0.386700,0.01159000,-0.045600
-0.239177,-0.588032,-0.074969,0.426489,0.303347,0.009523,0.196200,0.01322000,0.064700
-0.045166,-0.443650,-0.042899,0.333794,0.248359,0.422837,0.524400,0.01097000,-0.024900
-0.134696,-0.174678,-0.020953,0.195998,0.060996,0.117006,0.370800,0.00898000,-0.003400
-0.102416,-0.577898,-0.386052,0.182207,0.550985,0.426105,0.201200,0.01293000,0.028800
-0.031034,-0.542821,-0.051155,0.198736,0.416293,0.193945,0.462400,0.01061000,-0.018100
-0.254289,-0.272560,-0.406136,0.284629,0.486900,0.164606,0.279200,0.01151000,0.037700
-0.559380,-0.028414,-0.243391,0.097022,0.079071,0.465954,0.027900,0.01687000,-0.035900
-0.558766,-0.488333,-0.363129,0.192209,0.394992,0.498077,0.105900,0.01362000,-0.039500
-0.363378,-0.593944,-0.298344,0.073819,0.271232,0.219030,-0.304500,0.01561000,0.080100
-0.187085,-0.579961,-0.016812,0.368367,0.230934,0.365523,0.359600,0.01269000,-0.004900
-0.466243,-0.129058,-0.374984,0.161322,0.244133,0.445753,0.280800,0.01115000,-0.050000
-0.253553,-0.446627,-0.522678,0.341003,0.427671,0.419516,0.065900,0.01232000,0.077800
-0.381979,-0.205698,-0.235995,0.273186,0.520775,0.262993,0.502600,0.01176000,-0.056000
-0.325253,-0.095506,-0.182045,0.156293,0.579898,0.122583,0.549100,0.01124000,-0.067900
-0.145033,-0.536192,-0.022084,0.568458,0.302645,0.483089,0.518000,0.01603000,-0.002500
-0.471200,-0.184841,-0.224466,0.195654,0.209877,0.500839,0.282900,0.01151000,-0.062000
-0.413690,-0.230803,-0.300631,0.432001,0.575384,0.201326,0.455600,0.01393000,-0.013400
-0.268271,-0.495465,-0.058992,0.225373,0.384602,0.281267,0.430600,0.01089000,-0.049100
-0.593632,-0.168833,-0.442199,0.171024,0.337811,0.284804,0.253100,0.01205000,-0.048300
-0.443013,-0.422004,-0.393205,0.496893,0.552645,0.091941,0.188400,0.01504000,0.058200
-0.202281,-0.421138,-0.179330,0.505799,0.504879,0.313969,0.485100,0.01406000,0.009700
-0.092780,-0.223855,-0.160153,0.122691,0.588668,0.555440,0.657000,0.01242000,-0.103500
-0.372581,-0.443112,-0.194197,0.483956,0.341270,0.586683,0.202900,0.01589000,0.008300
-0.447219,-0.206615,-0.562655,0.068504,0.349350,0.433084,-0.263200,0.01818000,0.063500
-0.451486,-0.306787,-0.321923,0.241230,0.059871,0.287195,-0.031500,0.01216000,0.039200
-0.121639,-0.396832,-0.210387,0.116430,0.180834,0.229082,0.196100,0.00789000,0.022400
-0.328619,-0.589237,-0.343038,0.560599,0.546478,0.525735,0.065200,0.01822000,0.068200
-0.192383,-0.122049,-0.259658,0.530644,0.175960,0.199766,0.536300,0.01429000,0.034100
-0.394325,-0.389348,-0.083697,0.133956,0.336151,0.495313,0.398600,0.01060000,-0.097300
-0.323592,-0.144243,-0.043762,0.142513,0.166664,0.396530,0.508200,0.00876000,-0.094300
-0.016429,-0.242616,-0.116630,0.562839,0.177071,0.158585,0.476200,0.00001000,0.043000
-0.091234,-0.405226,-0.219834,0.206886,0.131919,0.472609,0.204400,0.00999000,0.021800
-0.081787,-0.221870,-0.087727,0.359243,0.526252,0.117706,0.705200,0.01101000,-0.029600
-0.596328,-0.276503,-0.541540,0.357598,0.168021,0.306287,0.116400,0.01535000,0.018100
-0.261923,-0.060176,-0.362674,0.217074,0.385143,0.201965,0.587000,0.01233000,-0.043100
-0.376895,-0.007316,-0.446549,0.255441,0.571749,0.189497,0.608500,0.01294000,-0.056500
-0.566151,-0.064478,-0.306277,0.437805,0.376990,0.003755,0.273300,0.01494000,0.017200
-0.297343,-0.217522,-0.290467,0.352655,0.120023,0.171210,0.144500,0.01052000,0.061800
-0.222684,-0.333593,-0.081546,0.342957,0.497649,0.349136,0.668500,0.01170000,-0.070400
-0.385842,-0.225604,-0.062991,0.168678,0.198435,0.461327,0.457300,0.00962000,-0.096400
-0.260734,-0.371804,-0.037354,0.144689,0.422066,0.271375,0.531800,0.01026000,-0.083400
-0.223028,-0.162157,-0.067225,0.579018,0.512765,0.434431,0.825900,0.01610000,-0.066500
-0.201215,-0.477634,-0.267898,0.120207,0.404074,0.408290,0.293300,0.01064000,-0.024800
-0.574273,-0.290942,-0.550465,0.557232,0.231030,0.421736,0.192800,0.01770000,0.035100
-0.505167,-0.180973,-0.427514,0.558151,0.267824,0.195976,0.289200,0.01625000,0.041000
-0.540618,-0.164051,-0.400869,0.003506,0.572598,0.478142,-0.358400,0.03132000,0.020700
-0.485537,-0.419234,-0.142375,0.507788,0.119502,0.186893,0.167800,0.01513000,0.035500
-0.577743,-0.387181,-0.351478,0.553269,0.596293,0.391064,0.162500,0.01915000,0.012600
-0.497549,-0.088262,-0.209257,0.209815,0.494370,0.420623,0.594400,0.01278000,-0.122000
-0.269211,-0.060502,-0.031493,0.166514,0.138667,0.061693,0.373400,0.00920000,-0.023100
-0.376033,-0.425702,-0.156559,0.395975,0.151902,0.218664,0.178100,0.01305000,0.030400
-0.549984,-0.442470,-0.356804,0.100793,0.230043,0.236787,-0.257500,0.01507000,0.044000
-0.104691,-0.399257,-0.546020,0.405974,0.286258,0.208164,0.168600,0.01346000,0.114300
-0.470357,-0.118538,-0.501972,0.223132,0.387211,0.425197,0.549600,0.01206000,-0.086200
-0.241393,-0.441005,-0.059375,0.550324,0.103119,0.063027,0.290800,0.01456000,0.067200
-0.354841,-0.239903,-0.564936,0.496799,0.481424,0.348318,0.389000,0.01765000,0.034400
-0.101518,-0.029082,-0.300932,0.478089,0.204226,0.349141,0.867000,0.01610000,-0.041100
-0.173262,-0.276835,-0.524215,0.522172,0.078682,0.238946,0.359900,0.01847000,0.087100
-0.175793,-0.404509,-0.014940,0.312531,0.245830,0.211062,0.463400,0.01096000,-0.018700
-0.253664,-0.558147,-0.525343,0.090124,0.294351,0.366784,-0.166700,0.01095000,0.085100
-0.408668,-0.328397,-0.333688,0.095674,0.204405,0.536877,-0.194700,0.01439000,0.034800
-0.451958,-0.073187,-0.207854,0.501991,0.137947,0.241013,0.417000,0.01526000,-0.001900
-0.303339,-0.094691,-0.343090,0.404003,0.525042,0.131271,0.585500,0.01284000,-0.011000
-0.307038,-0.302735,-0.597031,0.561223,0.430271,0.161095,0.500200,0.02018000,0.053800
-0.374196,-0.195983,-0.308412,0.247421,0.328109,0.150620,0.231100,0.00963000,0.012900
-0.289725,-0.572010,-0.568504,0.566560,0.583817,0.154876,-0.035700,0.01787000,0.146400
-0.394711,-0.002893,-0.485354,0.104599,0.167280,0.211669,0.172700,0.01376000,0.005500
-0.373982,-0.594943,-0.149175,0.390636,0.298638,0.025296,0.040100,0.01335000,0.068800
-0.480159,-0.553760,-0.092803,0.463656,0.037758,0.125157,-0.004800,0.01532000,0.060900
-0.567220,-0.510158,-0.135456,0.521722,0.319156,0.199397,0.189400,0.01621000,0.013300
-0.085354,-0.180946,-0.148745,0.239320,0.126903,0.131966,0.316500,0.00886000,0.034200
-0.343143,-0.241141,-0.353527,0.416756,0.302701,0.213640,0.220500,0.01122000,0.050400
-0.578857,-0.307655,-0.065721,0.485647,0.581925,0.277699,0.545000,0.01648000,-0.077700
-0.518198,-0.062367,-0.116980,0.566623,0.268433,0.123993,0.527200,0.01634000,-0.020200
-0.116642,-0.104111,-0.212596,0.397573,0.214875,0.237077,0.650600,0.01268000,-0.011800
-0.431137,-0.193204,-0.295966,0.314530,0.518449,0.003098,0.299300,0.01262000,0.011200
-0.414527,-0.331452,-0.022157,0.477505,0.237957,0.223795,0.468800,0.01421000,-0.026800
-0.291121,-0.057564,-0.453342,0.347521,0.341465,0.289725,0.629800,0.01493000,-0.031900
-0.397155,-0.354980,-0.149644,0.180445,0.535163,0.342870,0.489900,0.01210000,-0.090100
-0.056863,-0.092671,-0.178572,0.144741,0.401000,0.444720,0.914000,0.01094000,-0.138400
-0.529465,-0.112669,-0.512479,0.103910,0.194498,0.230492,0.027100,0.01556000,0.009300
-0.255221,-0.184624,-0.007396,0.117464,0.069049,0.191893,0.343600,0.01087000,-0.039700
-0.109489,-0.546469,-0.399871,0.591790,0.167309,0.096774,0.038800,0.01498000,0.169700
-0.262978,-0.010462,-0.109064,0.284569,0.330771,0.062869,0.535900,0.01026000,-0.027200
-0.145970,-0.164523,-0.187667,0.454559,0.558439,0.594728,0.773200,0.01512000,-0.071400
-0.426850,-0.542146,-0.140515,0.112106,0.595389,0.147458,0.206500,0.01228000,-0.036100
-0.047900,-0.581881,-0.432287,0.117143,0.170603,0.424036,-0.236900,0.01560000,0.123600
-0.292450,-0.252750,-0.200839,0.378165,0.439785,0.422569,0.512000,0.01136000,-0.038900
-0.529949,-0.151301,-0.040350,0.258292,0.148180,0.188749,0.322600,0.01278000,-0.053300
-0.239248,-0.021424,-0.010159,0.311083,0.203740,0.124282,0.605500,0.01071000,-0.044800
-0.320317,-0.219828,-0.165664,0.504560,0.512131,0.206248,0.615100,0.01381000,-0.024400
-0.064304,-0.591859,-0.129858,0.129659,0.164915,0.489329,0.153000,0.01325000,0.007600
-0.050899,-0.311893,-0.187202,0.127016,0.106170,0.133974,0.163800,0.00752000,0.050800
-0.221800,-0.577364,-0.511448,0.497456,0.159994,0.293356,-0.057000,0.01480000,0.145200
-0.582197,-0.342925,-0.083659,0.405690,0.510106,0.123205,0.408900,0.01483000,-0.049300
-0.056626,-0.564275,-0.062521,0.385418,0.188160,0.444139,0.353800,0.01312000,0.016700
-0.200185,-0.158776,-0.189015,0.281823,0.422912,0.257317,0.578900,0.00983000,-0.038900
-0.256200,-0.086646,-0.037233,0.284434,0.420479,0.179767,0.719400,0.01036000,-0.080800
-0.337051,-0.000332,-0.160179,0.324559,0.154608,0.053953,0.349500,0.01180000,0.010800
-0.294187,-0.044365,-0.590726,0.212561,0.184649,0.341199,0.563600,0.01754000,-0.038800
-0.031844,-0.586173,-0.199534,0.501125,0.196014,0.070376,0.252600,0.01580000,0.108200
-0.349615,-0.397814,-0.182288,0.068108,0.086402,0.219358,-0.058200,0.01696000,0.028100
-0.381409,-0.043250,-0.484874,0.081232,0.412246,0.338840,0.064100,0.01738000,0.012100
-0.511390,-0.291124,-0.201077,0.326876,0.316800,0.187793,0.247600,0.01250000,-0.013600
-0.425938,-0.509687,-0.566861,0.321623,0.078801,0.305291,-0.218600,0.01348000,0.111500
-0.507059,-0.147114,-0.319338,0.263959,0.015539,0.119745,-0.025200,0.01316000,0.047700
-0.343499,-0.119738,-0.577372,0.583434,0.580374,0.005588,0.662700,0.02168000,0.029100
-0.294136,-0.474465,-0.141388,0.319609,0.283709,0.227994,0.259900,0.01144000,0.011200
-0.326712,-0.111267,-0.417236,0.271473,0.140711,0.574613,0.251100,0.01394000,-0.001700
-0.535928,-0.106991,-0.008760,0.310496,0.020964,0.090940,0.249700,0.01371000,-0.023100
-0.484795,-0.455744,-0.255643,0.185328,0.064574,0.153807,-0.182300,0.01225000,0.056300
-0.353843,-0.363580,-0.018333,0.519038,0.307097,0.495018,0.525800,0.01574000,-0.048000
-0.456029,-0.368795,-0.036528,0.341248,0.424743,0.081666,0.382800,0.01264000,-0.031900
-0.566189,-0.377329,-0.236177,0.251786,0.415564,0.452185,0.291300,0.01273000,-0.070300
-0.396918,-0.580915,-0.084585,0.502492,0.081938,0.353678,0.185200,0.01565000,0.027100
-0.033858,-0.062185,-0.546229,0.364135,0.349984,0.181558,0.770300,0.01942000,-0.002300
-0.028341,-0.022273,-0.026283,0.548826,0.160963,0.188699,0.834000,0.01482000,-0.016000
-0.150931,-0.173177,-0.288818,0.438746,0.199299,0.289317,0.464100,0.01356000,0.030700
-0.390405,-0.177676,-0.505003,0.236429,0.335155,0.179841,0.273500,0.01168000,0.013800
-0.401678,-0.380902,-0.048656,0.214331,0.271797,0.356663,0.421800,0.00994000,-0.077000
-0.265357,-0.477322,-0.056546,0.470313,0.247640,0.110860,0.339100,0.01346000,0.032800
-0.245920,-0.548781,-0.330702,0.573297,0.254940,0.564110,0.015100,0.01644000,0.100400
-0.240868,-0.198379,-0.521566,0.425687,0.138726,0.091290,0.280200,0.01851000,0.088300
-0.340332,-0.480248,-0.183931,0.407935,0.068304,0.396595,0.107700,0.01358000,0.040000
-0.109517,-0.435941,-0.162097,0.562322,0.558449,0.128201,0.566000,0.01517000,0.032000
-0.445440,-0.030128,-0.089595,0.089878,0.342515,0.423900,0.328800,0.01849000,-0.092300
-0.164957,-0.128585,-0.313155,0.199535,0.307316,0.272605,0.585000,0.01150000,-0.041500
-0.261058,-0.206148,-0.307410,0.595340,0.083058,0.291897,0.326400,0.01403000,0.071600
-0.385615,-0.571814,-0.434292,0.081503,0.480779,0.141869,-0.361000,0.01624000,0.101200
-0.105492,-0.034836,-0.594887,0.116217,0.090618,0.043004,0.271200,0.01969000,0.064600
-0.309816,-0.381051,-0.383749,0.322777,0.228973,0.469435,0.028100,0.01064000,0.058700
-0.314609,-0.296438,-0.578446,0.153570,0.229113,0.231388,0.199200,0.01348000,0.028400
-0.064201,-0.392341,-0.033824,0.597550,0.203235,0.569316,0.626100,0.01617000,-0.009400
-0.567466,-0.155914,-0.598969,0.253845,0.252694,0.498751,0.346100,0.01322000,-0.053900
-0.472784,-0.432939,-0.435707,0.205539,0.528928,0.105333,0.070200,0.01233000,0.027400
-0.005084,-0.504439,-0.564429,0.210331,0.583152,0.307856,0.390200,0.01407000,0.031200
-0.185295,-0.447492,-0.496410,0.192063,0.459795,0.191609,0.116700,0.01150000,0.066900
-0.278170,-0.104718,-0.104533,0.562721,0.220902,0.171049,0.620000,0.01406000,-0.002300
-0.292166,-0.024144,-0.078205,0.099257,0.215394,0.029491,0.323700,0.01036000,-0.023000
-0.322317,-0.373898,-0.454161,0.143330,0.420132,0.125612,0.009500,0.01031000,0.060300
-0.569673,-0.107520,-0.036516,0.342749,0.113223,0.440003,0.402700,0.01509000,-0.083000
-0.373903,-0.322496,-0.249497,0.106839,0.291758,0.337927,0.146900,0.00952000,-0.016700
-0.303526,-0.205748,-0.233767,0.255953,0.031312,0.271738,0.147900,0.01033000,0.029000
-0.497075,-0.374597,-0.599492,0.555807,0.414089,0.348138,0.021300,0.01564000,0.088600
-0.412195,-0.153880,-0.093104,0.549300,0.445804,0.082205,0.632900,0.01536000,-0.027100
-0.159932,-0.134687,-0.272334,0.508428,0.457441,0.471381,0.744400,0.01659000,-0.035300
-0.278750,-0.545594,-0.446271,0.134779,0.437631,0.033205,-0.129600,0.01143000,0.098900
-0.198381,-0.126483,-0.334961,0.293672,0.424588,0.278052,0.705000,0.01360000,-0.051700
-0.282259,-0.441382,-0.044210,0.327527,0.254957,0.335928,0.402900,0.01162000,-0.030400
-0.249635,-0.069123,-0.392937,0.224121,0.475701,0.401714,0.865900,0.01480000,-0.116900
-0.060717,-0.305259,-0.101275,0.057540,0.058369,0.500865,0.183300,0.01379000,-0.005400
-0.385184,-0.461454,-0.243649,0.203516,0.071393,0.199321,-0.095300,0.01163000,0.056400
-0.322705,-0.321026,-0.562621,0.392187,0.218380,0.511852,-0.128000,0.01459000,0.115300
-0.495807,-0.344064,-0.034623,0.308492,0.060179,0.428675,0.218800,0.01410000,-0.041900
-0.401492,-0.582509,-0.350675,0.167089,0.348320,0.027798,-0.185400,0.01165000,0.084900
-0.236928,-0.497754,-0.164297,0.517724,0.232524,0.129425,0.252000,0.01395000,0.070200
-0.215887,-0.261530,-0.008261,0.278769,0.456690,0.077458,0.596300,0.01063000,-0.045900
-0.500863,-0.392903,-0.378187,0.450111,0.007913,0.021331,-0.215600,0.01425000,0.127500
-0.062842,-0.536287,-0.338059,0.309701,0.040129,0.084627,-0.124200,0.01156000,0.154800
-0.375641,-0.532367,-0.597856,0.369441,0.284049,0.554084,-0.174000,0.01344000,0.103300
-0.354657,-0.281526,-0.207708,0.234126,0.345326,0.346942,0.409500,0.00986000,-0.049200
-0.450850,-0.366031,-0.039793,0.295862,0.259845,0.324914,0.374700,0.01174000,-0.058100
-0.450628,-0.103779,-0.556046,0.105516,0.161877,0.100338,0.001200,0.01358000,0.044600
-0.168136,-0.505831,-0.040372,0.219368,0.371018,0.480733,0.587400,0.01090000,-0.088100
-0.540967,-0.096587,-0.120964,0.581722,0.443705,0.451070,0.596400,0.01844000,-0.071700
-0.033383,-0.205047,-0.227077,0.528495,0.156442,0.440550,0.569700,0.01555000,0.023300
-0.081354,-0.070802,-0.224856,0.349527,0.295261,0.194004,0.729300,0.01190000,-0.028300
-0.251033,-0.110487,-0.140701,0.069610,0.149427,0.280901,0.278900,0.01315000,-0.029400
-0.033166,-0.357399,-0.530571,0.332187,0.448045,0.313250,0.419700,0.01355000,0.046900
-0.429709,-0.497038,-0.078357,0.465993,0.072090,0.586218,0.144700,0.01626000,0.000800
-0.576351,-0.336552,-0.433491,0.377972,0.599746,0.157935,0.297800,0.01529000,-0.010700
-0.470154,-0.358058,-0.321921,0.086347,0.499686,0.059768,-0.108200,0.01584000,0.033200
-0.026576,-0.030510,-0.183835,0.556659,0.339672,0.135935,0.778800,0.01550000,0.010500
-0.362649,-0.319657,-0.493319,0.261355,0.318097,0.378726,0.107500,0.01021000,0.037900
-0.515569,-0.097871,-0.471663,0.493677,0.175942,0.019812,0.126100,0.01554000,0.078300
-0.533649,-0.393882,-0.170684,0.311313,0.252731,0.562855,0.199600,0.01247000,-0.048600
-0.051783,-0.143891,-0.591712,0.181009,0.315389,0.017848,0.362300,0.01871000,0.064600
-0.343652,-0.051739,-0.313687,0.402403,0.339091,0.271311,0.490900,0.01258000,-0.013000
-0.296409,-0.527044,-0.083124,0.396907,0.353749,0.304613,0.370100,0.01274000,-0.009200
-0.462510,-0.403741,-0.243305,0.422174,0.134632,0.129765,0.031100,0.01364000,0.062400
-0.313462,-0.069797,-0.155029,0.097189,0.139100,0.549357,0.227000,0.01530000,-0.048200
-0.437425,-0.252428,-0.229581,0.145443,0.053293,0.272235,0.028500,0.01203000,0.007700
-0.017253,-0.080510,-0.071995,0.465161,0.219669,0.323259,0.812400,0.01390000,-0.038200
-0.168846,-0.184286,-0.349246,0.343950,0.415406,0.301090,0.599600,0.01332000,-0.017000
-0.226158,-0.450093,-0.544107,0.239489,0.371356,0.495280,0.118200,0.01219000,0.046700
-0.267435,-0.289296,-0.559022,0.115528,0.590481,0.300117,0.557200,0.01672000,-0.056300
-0.245691,-0.062741,-0.394733,0.252635,0.393759,0.540638,0.942200,0.01500000,-0.141100
-0.073986,-0.259612,-0.442043,0.598201,0.361184,0.475889,0.278100,0.01585000,0.103500
-0.587450,-0.567763,-0.499332,0.169797,0.053620,0.371010,-0.388500,0.01519000,0.075100
-0.267245,-0.336285,-0.169165,0.501523,0.258191,0.392769,0.399500,0.01353000,0.012200
-0.055431,-0.499739,-0.309063,0.205014,0.188244,0.348677,0.161700,0.00897000,0.052200
-0.251606,-0.244867,-0.493391,0.319972,0.489278,0.005359,0.332700,0.01531000,0.056600
-0.324755,-0.557745,-0.285749,0.516259,0.317763,0.106809,0.097400,0.01452000,0.094000
-0.237494,-0.033372,-0.190955,0.204829,0.403795,0.014561,0.484500,0.00905000,-0.017100
-0.293098,-0.150661,-0.134074,0.215427,0.304437,0.328684,0.558100,0.00874000,-0.074700
-0.563446,-0.191799,-0.315570,0.075167,0.170121,0.341416,-0.104000,0.01834000,0.000400
-0.152019,-0.354329,-0.466516,0.538093,0.424198,0.484427,0.130100,0.01535000,0.109200
-0.085655,-0.474126,-0.347284,0.336566,0.345114,0.056718,0.102900,0.01118000,0.112600
-0.252018,-0.090376,-0.100369,0.308417,0.126885,0.039572,0.338600,0.01003000,0.019300
-0.329598,-0.335568,-0.268111,0.180798,0.327363,0.159668,0.165800,0.00950000,0.016100
-0.069285,-0.331419,-0.536158,0.306622,0.254905,0.035341,0.119500,0.01319000,0.126800
-0.226521,-0.199303,-0.098524,0.326995,0.001521,0.152351,0.292100,0.01079000,0.025700
-0.013603,-0.569626,-0.211578,0.170372,0.119761,0.187709,0.059600,0.00953000,0.078700
-0.086902,-0.164123,-0.150921,0.079085,0.416943,0.093645,0.439100,0.00831000,-0.018500
-0.552432,-0.017805,-0.261429,0.145425,0.543118,0.183756,0.450400,0.01300000,-0.087900
-0.349992,-0.052611,-0.174017,0.457402,0.163073,0.563693,0.467300,0.01560000,-0.035500
-0.536671,-0.155322,-0.037179,0.576126,0.226579,0.027788,0.443400,0.01673000,-0.004800
-0.505424,-0.554567,-0.220665,0.139138,0.468488,0.271416,0.129000,0.01247000,-0.034500
-0.274631,-0.352732,-0.084904,0.307139,0.340087,0.374121,0.519500,0.01043000,-0.056100
-0.095198,-0.383244,-0.415640,0.447278,0.325000,0.439267,0.139000,0.01286000,0.101300
-0.081998,-0.330289,-0.140229,0.442750,0.332075,0.007294,0.410200,0.01151000,0.059900
-0.200523,-0.035751,-0.217257,0.096105,0.090589,0.407044,0.505200,0.01383000,-0.070100
-0.324485,-0.459702,-0.139922,0.345250,0.118634,0.432303,0.146600,0.01310000,0.016300
-0.269759,-0.216644,-0.194115,0.336732,0.192430,0.496462,0.314100,0.01144000,-0.007500
-0.566191,-0.448671,-0.035316,0.517480,0.407706,0.136446,0.360800,0.01611000,-0.021600
-0.525776,-0.133049,-0.062289,0.288775,0.230364,0.264316,0.435800,0.01261000,-0.074100
-0.252927,-0.190777,-0.239888,0.316225,0.174226,0.074296,0.183900,0.00955000,0.059600
-0.186536,-0.578864,-0.091366,0.516474,0.180309,0.233808,0.312700,0.01444000,0.051400
-0.507268,-0.549288,-0.213549,0.424587,0.027297,0.506483,-0.099500,0.01581000,0.044400
-0.178984,-0.136425,-0.466050,0.351568,0.112543,0.150325,0.371100,0.01728000,0.056100
-0.334081,-0.100210,-0.573679,0.349067,0.185042,0.022803,0.210700,0.01701000,0.081300
-0.589868,-0.015049,-0.545469,0.091896,0.365220,0.310289,-0.069100,0.01897000,0.009100
-0.229216,-0.522693,-0.126358,0.452891,0.486513,0.041059,0.369900,0.01369000,0.037400
-0.035844,-0.302550,-0.278251,0.541164,0.385298,0.557961,0.503500,0.01816000,0.026200
-0.225333,-0.582452,-0.274658,0.426022,0.127543,0.080943,-0.053500,0.01327000,0.127600
-0.560577,-0.586172,-0.133041,0.198295,0.102857,0.560260,-0.240000,0.01596000,0.007700
-0.287529,-0.422847,-0.021646,0.168446,0.336284,0.006141,0.224200,0.01011000,0.002300
-0.391876,-0.096285,-0.255270,0.350639,0.258790,0.375665,0.389800,0.01233000,-0.024500
-0.339748,-0.398429,-0.037766,0.185380,0.507289,0.293030,0.556400,0.01168000,-0.096700
-0.444823,-0.443031,-0.486209,0.077250,0.001547,0.435695,-0.490600,0.01486000,0.109800
-0.271879,-0.314416,-0.538868,0.465470,0.065936,0.149666,0.049300,0.01491000,0.129100
-0.267320,-0.321473,-0.449033,0.287908,0.058719,0.555350,-0.212400,0.01303000,0.112600
-0.067051,-0.345537,-0.350925,0.274769,0.104029,0.406463,0.053200,0.01083000,0.091200
-0.291653,-0.391722,-0.106100,0.505535,0.159095,0.026103,0.239600,0.01354000,0.066700
-0.180593,-0.015519,-0.561081,0.465116,0.542889,0.418388,1.185100,0.02303000,-0.109300
-0.323954,-0.265056,-0.455355,0.460022,0.180302,0.048269,0.014600,0.01252000,0.126300
-0.267047,-0.353222,-0.061593,0.294177,0.566290,0.068427,0.535500,0.01208000,-0.036900
-0.237305,-0.398777,-0.417505,0.141773,0.148397,0.003826,-0.252500,0.00906000,0.138700
-0.239310,-0.080846,-0.492186,0.220276,0.529095,0.276905,0.857900,0.01778000,-0.093300
-0.350453,-0.526840,-0.220171,0.459690,0.196816,0.335682,0.118700,0.01396000,0.052100
-0.538260,-0.584541,-0.274183,0.343805,0.152870,0.524709,-0.239100,0.01586000,0.051600
-0.156704,-0.332900,-0.164447,0.486418,0.085224,0.057949,0.238800,0.01234000,0.089800
-0.504594,-0.571574,-0.283675,0.401301,0.147236,0.175111,-0.109500,0.01456000,0.074700
-0.292859,-0.034328,-0.415798,0.273519,0.123408,0.400306,0.368300,0.01402000,-0.005000
-0.286099,-0.541205,-0.377808,0.392330,0.507675,0.524892,0.139500,0.01412000,0.040400
-0.132707,-0.558952,-0.134752,0.211510,0.359615,0.533015,0.402500,0.01194000,-0.043800
-0.293109,-0.242539,-0.396927,0.072589,0.547273,0.024692,-0.019300,0.01454000,0.059700
-0.325525,-0.179556,-0.580435,0.141548,0.578451,0.149826,0.586500,0.01938000,-0.046200
-0.270450,-0.060572,-0.401780,0.547531,0.101897,0.242065,0.518700,0.01648000,0.036300
-0.240238,-0.106423,-0.022879,0.185585,0.468933,0.289122,0.796900,0.01007000,-0.126600
-0.090528,-0.586306,-0.479679,0.281113,0.100968,0.020340,-0.286100,0.01189000,0.194900
-0.470757,-0.037803,-0.031609,0.008403,0.499518,0.414839,0.400900,0.02797000,-0.125800
-0.380914,-0.421018,-0.040279,0.379590,0.459471,0.260101,0.524800,0.01290000,-0.056200
-0.098575,-0.149021,-0.168522,0.145338,0.233711,0.218784,0.480600,0.00792000,-0.026400
-0.588615,-0.103197,-0.164254,0.344087,0.073638,0.265966,0.247400,0.01476000,-0.030500
-0.573218,-0.439645,-0.521254,0.211151,0.571385,0.559358,0.148200,0.01608000,-0.042500
-0.513412,-0.506657,-0.301502,0.086436,0.351070,0.130413,-0.248100,0.01593000,0.047800
-0.461686,-0.579223,-0.534041,0.416668,0.288061,0.151011,-0.073100,0.01421000,0.100100
-0.066085,-0.076727,-0.240669,0.121646,0.550370,0.434236,0.981400,0.01319000,-0.153200
-0.340441,-0.427726,-0.334614,0.476369,0.533535,0.557383,0.211700,0.01541000,0.024000
-0.496518,-0.329722,-0.105949,0.152938,0.429377,0.506619,0.441400,0.01211000,-0.120300
-0.330137,-0.290167,-0.086922,0.190616,0.184675,0.119205,0.232300,0.00956000,-0.004700
-0.097561,-0.430762,-0.092029,0.155414,0.503707,0.092519,0.425900,0.01057000,-0.014600
-0.425920,-0.445942,-0.209387,0.308519,0.020786,0.442817,-0.042700,0.01355000,0.034500
-0.323864,-0.343717,-0.493884,0.102146,0.487101,0.167326,0.055400,0.01058000,0.044100
-0.400589,-0.507497,-0.547820,0.174985,0.169486,0.257849,-0.160200,0.01039000,0.080900
-0.262277,-0.239854,-0.507704,0.183830,0.027251,0.381091,0.113700,0.01669000,0.045800
-0.463179,-0.356923,-0.391508,0.461150,0.009746,0.469035,-0.035500,0.01462000,0.068600
-0.210421,-0.309127,-0.035870,0.524407,0.211988,0.143458,0.538300,0.01351000,0.011900
-0.260590,-0.292604,-0.353439,0.327475,0.294945,0.293834,0.195400,0.01017000,0.047500
-0.126128,-0.370951,-0.127171,0.278038,0.227279,0.469896,0.466800,0.00901000,-0.032200
-0.296173,-0.114947,-0.064139,0.141342,0.212477,0.187507,0.448700,0.00839000,-0.057200
-0.577653,-0.134651,-0.198068,0.526740,0.010283,0.195835,0.228000,0.01685000,0.018700
-0.504208,-0.284796,-0.025622,0.354355,0.062704,0.465072,0.299100,0.01474000,-0.053700
-0.286145,-0.554189,-0.368545,0.099741,0.071894,0.412678,-0.345100,0.01269000,0.102700
-0.129846,-0.305227,-0.368697,0.504508,0.398207,0.043707,0.283100,0.01313000,0.105700
-0.394264,-0.592875,-0.206027,0.420833,0.596369,0.133473,0.256500,0.01517000,0.019700
-0.401041,-0.061776,-0.048548,0.073718,0.162702,0.016490,0.206700,0.01627000,-0.024300
-0.430145,-0.531244,-0.384461,0.489032,0.015687,0.332199,-0.080900,0.01521000,0.096900
-0.067173,-0.199334,-0.506033,0.290880,0.064010,0.316292,0.426300,0.01821000,0.034500
-0.050571,-0.197516,-0.285663,0.487194,0.413633,0.229714,0.592100,0.01355000,0.032100
-0.397986,-0.440505,-0.414258,0.415753,0.126863,0.357180,-0.084800,0.01324000,0.091700
-0.027512,-0.065839,-0.531284,0.464339,0.514370,0.331031,1.023000,0.02051000,-0.051700
-0.512252,-0.478013,-0.235910,0.284282,0.437937,0.425527,0.233400,0.01277000,-0.041600
-0.463096,-0.058099,-0.474389,0.120960,0.201182,0.568594,0.125000,0.01396000,-0.025100
-0.577357,-0.562095,-0.287130,0.126402,0.463053,0.286321,0.017400,0.01297000,-0.024000
-0.336065,-0.119362,-0.440564,0.350157,0.526713,0.508189,0.629700,0.01525000,-0.063500
-0.241104,-0.140213,-0.127414,0.443507,0.471583,0.315352,0.719700,0.01168000,-0.054300
-0.253314,-0.432767,-0.301430,0.300681,0.546960,0.550129,0.317600,0.01340000,-0.015000
-0.164635,-0.217931,-0.589390,0.358215,0.411439,0.078201,0.511900,0.01969000,0.044600
-0.151296,-0.498217,-0.518854,0.238656,0.298001,0.557921,-0.036400,0.01386000,0.084600
-0.473731,-0.488949,-0.300210,0.287277,0.469581,0.352017,0.204400,0.01282000,-0.016900
-0.165061,-0.139205,-0.458904,0.320806,0.558274,0.003339,0.598800,0.01735000,0.015800
-0.283164,-0.445172,-0.568497,0.182212,0.261227,0.409849,0.080800,0.01119000,0.041700
-0.554516,-0.597915,-0.179780,0.431667,0.286475,0.590293,-0.067200,0.01714000,0.013600
-0.578820,-0.112649,-0.558399,0.342700,0.177173,0.300400,0.222800,0.01534000,0.001600
-0.341311,-0.192921,-0.216562,0.098168,0.074665,0.373904,0.075200,0.01216000,-0.000900
-0.512248,-0.075956,-0.253459,0.593746,0.295536,0.589275,0.379100,0.01910000,-0.022100
-0.596244,-0.567090,-0.168362,0.425187,0.221084,0.046089,-0.090300,0.01545000,0.058200
-0.509122,-0.383422,-0.158635,0.306701,0.139905,0.353391,0.097400,0.01331000,-0.005800
-0.480989,-0.188133,-0.497733,0.430962,0.199564,0.401409,0.194600,0.01509000,0.028000
-0.447527,-0.456908,-0.280697,0.293761,0.160688,0.096857,-0.102300,0.01220000,0.072800
-0.464672,-0.066322,-0.217366,0.177313,0.571904,0.362831,0.630400,0.01319000,-0.123900
-0.504337,-0.267291,-0.255786,0.153991,0.566820,0.006125,0.191700,0.01272000,-0.014900
-0.282204,-0.475937,-0.474879,0.243991,0.137935,0.171657,-0.197800,0.01110000,0.125700
-0.442096,-0.350751,-0.107463,0.508104,0.455133,0.570866,0.440900,0.01675000,-0.053500
-0.455280,-0.522205,-0.388570,0.478546,0.037496,0.586698,-0.213000,0.01606000,0.095400
-0.473630,-0.317841,-0.441322,0.132564,0.361723,0.532828,0.073100,0.01218000,-0.019700
-0.482988,-0.566141,-0.145396,0.529265,0.508694,0.062950,0.246000,0.01649000,0.027100
-0.459857,-0.145530,-0.569825,0.479983,0.494457,0.564575,0.416500,0.01733000,-0.017300
-0.544060,-0.401827,-0.041783,0.383831,0.299035,0.265803,0.328700,0.01387000,-0.045000
-0.063353,-0.513967,-0.161543,0.199321,0.246952,0.423311,0.365400,0.00958000,-0.013900
-0.175919,-0.531235,-0.115679,0.368841,0.579479,0.130843,0.476100,0.01334000,-0.000400
-0.426219,-0.126889,-0.392165,0.189836,0.530489,0.346504,0.515900,0.01233000,-0.078300
-0.277279,-0.199886,-0.279010,0.138160,0.238258,0.206872,0.223700,0.00774000,0.006300
-0.403027,-0.373265,-0.596326,0.521457,0.173235,0.065425,-0.105400,0.01393000,0.154000
-0.062793,-0.589531,-0.389133,0.153163,0.145815,0.153500,-0.118400,0.00978000,0.123100
-0.280522,-0.372114,-0.085644,0.571729,0.348392,0.365929,0.544900,0.01506000,-0.011400
-0.247015,-0.067665,-0.133695,0.234055,0.117105,0.015602,0.257600,0.00828000,0.028300
-0.198611,-0.256950,-0.112465,0.002744,0.207644,0.222942,0.224800,0.02535000,-0.013200
-0.144466,-0.010001,-0.183906,0.163502,0.408884,0.369124,1.013200,0.00973000,-0.159500
-0.198214,-0.401775,-0.422231,0.408629,0.228082,0.415270,0.007200,0.01247000,0.106600
-0.109031,-0.545114,-0.445738,0.338162,0.416354,0.001960,-0.001500,0.01222000,0.141200
-0.176264,-0.309794,-0.262321,0.113025,0.464846,0.086853,0.240800,0.00959000,0.021000
-0.388710,-0.506406,-0.153890,0.495939,0.505428,0.596054,0.316500,0.01676000,-0.023100
-0.224563,-0.518977,-0.567681,0.425411,0.456178,0.260933,0.046700,0.01394000,0.116800
-0.467389,-0.092672,-0.579416,0.174365,0.133149,0.144585,0.092300,0.01240000,0.034100
-0.260517,-0.132466,-0.084889,0.210816,0.227527,0.453925,0.617500,0.00840000,-0.097800
-0.216384,-0.404747,-0.420317,0.263619,0.564390,0.211412,0.242000,0.01214000,0.041200
-0.251265,-0.485978,-0.029614,0.423744,0.434058,0.363996,0.550400,0.01304000,-0.042200
-0.275545,-0.465313,-0.594652,0.431892,0.317088,0.575719,-0.166300,0.01448000,0.132400
-0.222721,-0.380512,-0.115023,0.510711,0.302095,0.436696,0.470600,0.01420000,-0.002600
-0.234010,-0.456569,-0.581335,0.411566,0.451184,0.416265,0.010600,0.01386000,0.110600
-0.139363,-0.540105,-0.238136,0.351299,0.014406,0.474356,0.006300,0.01318000,0.083200
-0.513790,-0.519474,-0.018752,0.432482,0.024710,0.090391,0.017000,0.01508000,0.042500
-0.340451,-0.535589,-0.435809,0.558020,0.096408,0.106461,-0.128400,0.01506000,0.157700
-0.475141,-0.173416,-0.462484,0.547488,0.305127,0.570624,0.163200,0.01828000,0.036400
-0.550933,-0.591202,-0.007438,0.570064,0.339993,0.452124,0.236500,0.01827000,-0.019800
-0.362737,-0.541212,-0.260218,0.360231,0.517715,0.081069,0.173100,0.01348000,0.042200
-0.312663,-0.291664,-0.340308,0.311547,0.556276,0.046735,0.254900,0.01143000,0.039300
-0.164859,-0.112613,-0.203403,0.383573,0.304079,0.400366,0.701600,0.01245000,-0.048700
-0.111852,-0.424843,-0.491744,0.201550,0.452198,0.505595,0.199800,0.01251000,0.037100
-0.251235,-0.384126,-0.013875,0.481923,0.294819,0.041137,0.455300,0.01319000,0.018500
-0.577252,-0.195008,-0.544811,0.586493,0.596049,0.185308,0.381300,0.02001000,0.014700
-0.566085,-0.434588,-0.158176,0.545809,0.115732,0.343564,0.179700,0.01660000,0.013000
-0.330504,-0.210979,-0.085110,0.478287,0.053791,0.443018,0.488500,0.01425000,-0.028000
-0.422438,-0.250964,-0.389815,0.274640,0.176502,0.057987,-0.054300,0.01048000,0.079900
-0.284124,-0.186365,-0.225227,0.531440,0.532730,0.254228,0.575700,0.01351000,-0.005600
-0.504377,-0.128527,-0.137422,0.397950,0.423486,0.112796,0.485900,0.01365000,-0.041900
-0.259321,-0.456932,-0.044693,0.270758,0.046293,0.347535,0.237500,0.01237000,-0.004500
-0.505443,-0.088706,-0.047097,0.532471,0.559920,0.250550,0.783500,0.01659000,-0.095900
-0.157343,-0.156033,-0.430505,0.570772,0.311885,0.260017,0.706400,0.01919000,0.020900
-0.542396,-0.235402,-0.452224,0.275074,0.504316,0.408129,0.419900,0.01381000,-0.066200
-0.132763,-0.102568,-0.599686,0.521143,0.435622,0.361427,0.982900,0.02422000,-0.040200
-0.167930,-0.107087,-0.583124,0.366597,0.087851,0.270724,0.550900,0.02165000,0.021600
-0.274796,-0.170075,-0.575545,0.518147,0.362093,0.438077,0.662900,0.02370000,-0.004700
-0.173965,-0.367432,-0.019059,0.177242,0.563391,0.177098,0.630600,0.01132000,-0.077400
-0.140558,-0.315863,-0.509362,0.197186,0.552889,0.413758,0.623700,0.01532000,-0.052000
-0.036876,-0.107484,-0.124969,0.471601,0.086623,0.147751,0.630200,0.01199000,0.020200
-0.595546,-0.517808,-0.533734,0.382038,0.194936,0.274360,-0.040900,0.01539000,0.052400
-0.329520,-0.271334,-0.464111,0.312375,0.008593,0.557327,-0.199700,0.01344000,0.104500
-0.498978,-0.052166,-0.125141,0.230605,0.385733,0.450154,0.670600,0.01181000,-0.141000
-0.325425,-0.017979,-0.175494,0.538648,0.028916,0.329711,0.547600,0.01521000,-0.006400
-0.424853,-0.073230,-0.127369,0.497143,0.529694,0.000881,0.636700,0.01524000,-0.030800
-0.584092,-0.449915,-0.565505,0.339613,0.310192,0.416935,0.042200,0.01395000,0.021100
-0.414999,-0.304680,-0.104664,0.341013,0.388121,0.460031,0.510800,0.01178000,-0.078200
-0.441138,-0.344547,-0.556958,0.442158,0.024728,0.179121,-0.129300,0.01293000,0.125000
-0.337684,-0.211799,-0.591560,0.442698,0.504154,0.243690,0.699900,0.02109000,-0.020000
-0.574752,-0.249210,-0.051217,0.436988,0.489224,0.344068,0.565400,0.01497000,-0.093300
-0.112208,-0.261405,-0.210257,0.200277,0.505825,0.269746,0.540800,0.01018000,-0.035800
-0.456965,-0.309013,-0.592204,0.344691,0.335982,0.178819,0.101700,0.01196000,0.060100
-0.307080,-0.153125,-0.280245,0.099887,0.216256,0.165683,0.163800,0.00812000,0.011600
-0.171323,-0.370805,-0.211632,0.564126,0.346485,0.017513,0.356800,0.01380000,0.082500
-0.123078,-0.553939,-0.435961,0.562915,0.169716,0.468545,-0.017300,0.01525000,0.147500
-0.564335,-0.409574,-0.559719,0.477734,0.295106,0.301847,0.126700,0.01561000,0.043700
-0.313910,-0.060157,-0.031856,0.186012,0.277046,0.594738,0.664800,0.01489000,-0.141100
-0.522433,-0.096407,-0.481556,0.281405,0.542544,0.031110,0.324300,0.01380000,-0.003800
-0.438263,-0.551411,-0.005209,0.561714,0.089108,0.031799,0.125700,0.01628000,0.062700
-0.578987,-0.356009,-0.360136,0.216274,0.123256,0.241453,-0.107500,0.01317000,0.030800
-0.371135,-0.305905,-0.333874,0.490806,0.036293,0.472848,0.092200,0.01361000,0.062400
-0.422330,-0.324060,-0.249085,0.236112,0.484896,0.080739,0.232400,0.01160000,-0.000000
-0.220916,-0.496365,-0.270512,0.427088,0.153989,0.214512,0.100700,0.01285000,0.088000
-0.223897,-0.440370,-0.388194,0.196883,0.169586,0.552666,-0.178700,0.01629000,0.083200
-0.515483,-0.044314,-0.420231,0.563280,0.566470,0.012575,0.457200,0.01826000,0.016300
-0.195287,-0.495193,-0.142436,0.169311,0.215459,0.548652,0.169100,0.01546000,-0.013700
-0.299227,-0.212265,-0.028904,0.339318,0.340115,0.555033,0.731500,0.01086000,-0.116800
-0.428511,-0.450282,-0.576645,0.213576,0.126881,0.411727,-0.241200,0.01071000,0.091900
-0.506948,-0.510411,-0.312229,0.289025,0.502546,0.522111,0.184300,0.01412000,-0.034500
-0.512987,-0.289033,-0.167118,0.156320,0.245047,0.040636,0.032200,0.01078000,0.008600
-0.481206,-0.416454,-0.072896,0.262072,0.013873,0.016121,-0.093600,0.01267000,0.050300
-0.330577,-0.204291,-0.514196,0.551582,0.351552,0.174199,0.454300,0.01741000,0.050600
-0.306626,-0.526519,-0.568504,0.426637,0.275179,0.396392,-0.182000,0.01409000,0.139200
-0.326831,-0.458284,-0.180676,0.429183,0.087963,0.597720,0.077900,0.01516000,0.033900
-0.018105,-0.122768,-0.103687,0.140309,0.585518,0.129691,0.780400,0.01023000,-0.078800
-0.038843,-0.294589,-0.003760,0.581636,0.456968,0.103713,0.851300,0.01604000,-0.014200
-0.583490,-0.249534,-0.049616,0.313644,0.088406,0.116559,0.150500,0.01388000,-0.014300
-0.095586,-0.486655,-0.230877,0.409192,0.288972,0.101307,0.221300,0.01196000,0.086800
-0.373004,-0.126764,-0.217127,0.587936,0.025234,0.140816,0.327300,0.01557000,0.055400
-0.256199,-0.408136,-0.335723,0.256345,0.206303,0.189580,0.030200,0.01010000,0.073700
-0.309549,-0.497979,-0.332041,0.571140,0.042233,0.591227,-0.005300,0.01574000,0.095700
-0.462441,-0.511987,-0.263012,0.119125,0.097699,0.038905,-0.319600,0.01219000,0.085600
-0.407982,-0.488262,-0.586752,0.196609,0.389629,0.373918,0.135900,0.01200000,0.012500
-0.419103,-0.457016,-0.255364,0.062924,0.279641,0.389772,-0.236300,0.01826000,0.038200
-0.303468,-0.380255,-0.414365,0.555817,0.495987,0.450995,0.133800,0.01564000,0.078100
-0.081018,-0.023459,-0.374250,0.240075,0.567007,0.223121,0.932600,0.01540000,-0.087300
-0.483123,-0.129212,-0.050983,0.160728,0.389888,0.219538,0.524700,0.01104000,-0.105900
-0.106944,-0.070539,-0.349905,0.120585,0.275559,0.578941,0.732600,0.01525000,-0.109300
-0.115717,-0.548456,-0.286957,0.301811,0.365958,0.525422,0.272800,0.01152000,0.018900
-0.075774,-0.324744,-0.309956,0.257603,0.309992,0.202356,0.270900,0.00953000,0.052400
-0.439810,-0.329965,-0.338496,0.519153,0.406419,0.475412,0.180600,0.01562000,0.029500
-0.274374,-0.482844,-0.470761,0.310029,0.031673,0.090189,-0.283100,0.01192000,0.162300
-0.378909,-0.266768,-0.003285,0.515536,0.008129,0.010388,0.281400,0.01476000,0.041500
-0.365448,-0.355664,-0.101250,0.196864,0.271354,0.187499,0.281600,0.00982000,-0.025900
-0.396678,-0.095497,-0.522299,0.568761,0.588647,0.121420,0.562000,0.01681000,0.016900
-0.503694,-0.580009,-0.461167,0.562724,0.350370,0.541958,-0.195000,0.01843000,0.098500
-0.056894,-0.262972,-0.082198,0.599066,0.108854,0.325022,0.649900,0.01416000,0.017700
-0.209674,-0.134621,-0.031897,0.156212,0.191444,0.400672,0.635200,0.00751000,-0.103000
-0.043706,-0.403975,-0.010825,0.336144,0.257482,0.348573,0.602200,0.01094000,-0.035800
-0.274608,-0.028242,-0.061329,0.116034,0.208555,0.538492,0.611100,0.00970000,-0.123800
-0.485069,-0.034325,-0.402647,0.258888,0.045086,0.301654,0.134000,0.01385000,0.012000
-0.129828,-0.285398,-0.247914,0.262019,0.541196,0.265979,0.518000,0.01093000,-0.018800
-0.526580,-0.509772,-0.123468,0.084627,0.561971,0.399760,-0.176300,0.02494000,-0.023400
-0.522299,-0.375082,-0.259757,0.082146,0.121969,0.416365,-0.221900,0.01692000,0.019700
-0.269056,-0.560326,-0.169741,0.304102,0.383120,0.271863,0.275600,0.01173000,0.005800
-0.115253,-0.354333,-0.304749,0.379288,0.445150,0.216857,0.371300,0.01136000,0.045400
-0.206952,-0.071013,-0.076009,0.094704,0.154508,0.204007,0.458500,0.01062000,-0.055100
-0.375235,-0.282383,-0.566851,0.222205,0.092664,0.039031,-0.202700,0.01191000,0.128300
-0.220956,-0.225414,-0.549608,0.512683,0.358367,0.563329,0.499100,0.02342000,0.019700
-0.538833,-0.408014,-0.109415,0.546922,0.392944,0.003147,0.276200,0.01627000,0.021000
-0.568561,-0.155182,-0.221500,0.132500,0.046366,0.540373,-0.057400,0.01616000,-0.025000
-0.348847,-0.094317,-0.397704,0.134562,0.099392,0.238663,0.152200,0.01089000,0.015900
-0.301000,-0.588855,-0.174088,0.255060,0.201460,0.260391,0.067700,0.01150000,0.035300
-0.310826,-0.314500,-0.265551,0.575492,0.545354,0.000222,0.404900,0.01541000,0.051400
-0.167666,-0.484292,-0.081512,0.489344,0.500099,0.027013,0.497000,0.01401000,0.027200
-0.176425,-0.275533,-0.391270,0.279981,0.195170,0.328631,0.147800,0.01055000,0.065200
-0.255680,-0.252669,-0.469155,0.466879,0.467176,0.032270,0.369900,0.01534000,0.070600
-0.145765,-0.147642,-0.581669,0.171067,0.531337,0.500347,0.985900,0.02030000,-0.138700
-0.504377,-0.546470,-0.224480,0.424430,0.291251,0.385635,0.030400,0.01470000,0.027900
-0.311694,-0.536787,-0.590626,0.265748,0.499470,0.101372,0.024100,0.01292000,0.089800
-0.561499,-0.211739,-0.496718,0.134219,0.415430,0.097942,0.120100,0.01199000,-0.001800
-0.224861,-0.551701,-0.355997,0.420734,0.464723,0.477328,0.144700,0.01379000,0.058400
-0.436313,-0.395284,-0.577962,0.439199,0.426263,0.206000,0.068200,0.01327000,0.082300
-0.441917,-0.509554,-0.453807,0.591233,0.090470,0.177573,-0.080000,0.01600000,0.131100
-0.537309,-0.216048,-0.032081,0.138022,0.139762,0.151483,0.177900,0.01308000,-0.047000
-0.372888,-0.169329,-0.265929,0.333681,0.523318,0.217859,0.505100,0.01207000,-0.036500
-0.381870,-0.249986,-0.463128,0.394388,0.068363,0.357254,0.011700,0.01240000,0.079900
-0.130151,-0.567423,-0.597799,0.400182,0.134898,0.321217,-0.069800,0.01445000,0.150500
-0.499968,-0.494924,-0.048703,0.268087,0.015433,0.070780,-0.093700,0.01331000,0.040500
-0.137295,-0.257599,-0.511173,0.188340,0.278169,0.168960,0.322400,0.01403000,0.039000
-0.193142,-0.516305,-0.331691,0.369172,0.432409,0.531075,0.223200,0.01260000,0.033000
-0.562174,-0.140986,-0.328334,0.349652,0.540903,0.012902,0.300100,0.01463000,-0.005100
-0.165293,-0.087588,-0.371837,0.242493,0.193013,0.519845,0.667800,0.01415000,-0.069100
-0.434450,-0.391634,-0.468548,0.462142,0.079831,0.400755,-0.088500,0.01380000,0.096000
-0.100286,-0.304453,-0.060110,0.270321,0.326392,0.181122,0.540600,0.00954000,-0.023900
-0.068707,-0.524265,-0.335358,0.179784,0.511655,0.558128,0.236700,0.01339000,0.011500
-0.546210,-0.028533,-0.500742,0.486435,0.083694,0.054469,0.100500,0.01608000,0.077000
-0.472909,-0.006873,-0.426294,0.481708,0.256491,0.303163,0.399000,0.01555000,0.004300
-0.310050,-0.168738,-0.340850,0.494618,0.173843,0.067727,0.203900,0.01215000,0.088000
-0.268686,-0.349751,-0.237194,0.465767,0.116053,0.530325,0.185000,0.01385000,0.042800
-0.378143,-0.274435,-0.582028,0.564629,0.012347,0.294799,0.213000,0.01746000,0.088800
-0.584740,-0.238858,-0.343141,0.143415,0.230760,0.098229,-0.049100,0.01160000,0.018300
-0.167119,-0.019289,-0.517205,0.136341,0.506674,0.536236,1.118200,0.01886000,-0.183400
-0.129762,-0.419657,-0.535178,0.364475,0.537253,0.405683,0.176700,0.01378000,0.082300
-0.352316,-0.345995,-0.264746,0.398559,0.202132,0.507307,0.117000,0.01342000,0.031500
-0.227047,-0.111497,-0.484937,0.075750,0.054406,0.185554,0.204500,0.02022000,0.031100
-0.531762,-0.106101,-0.290273,0.285521,0.579738,0.040408,0.375300,0.01407000,-0.030700
-0.136804,-0.527364,-0.304964,0.299244,0.174088,0.275579,0.047300,0.01135000,0.086800
-0.322109,-0.329603,-0.022646,0.203983,0.517313,0.334293,0.667900,0.01165000,-0.117100
-0.173711,-0.530744,-0.434513,0.453121,0.332693,0.374565,0.017100,0.01353000,0.117400
-0.360381,-0.595189,-0.328082,0.176807,0.481293,0.350667,0.157600,0.01267000,-0.006700
-0.010162,-0.288427,-0.328326,0.509650,0.093884,0.424953,0.476300,0.01631000,0.049900
-0.507148,-0.435935,-0.453369,0.351790,0.548028,0.346243,0.160300,0.01415000,0.009300
-0.470883,-0.043417,-0.348698,0.091591,0.033885,0.489999,-0.055500,0.01619000,0.005400
-0.502137,-0.038067,-0.221253,0.210497,0.503765,0.362809,0.616300,0.01290000,-0.119900
-0.517097,-0.281477,-0.086769,0.183069,0.223359,0.446904,0.343800,0.01047000,-0.091500
-0.581611,-0.225694,-0.145621,0.460093,0.239941,0.381603,0.325900,0.01543000,-0.037500
-0.339160,-0.588019,-0.413193,0.243300,0.555994,0.565878,0.072700,0.01492000,0.014500
-0.237188,-0.509712,-0.000823,0.200029,0.132377,0.078848,0.138500,0.01062000,0.025300
-0.015498,-0.587075,-0.098483,0.222301,0.017821,0.154140,0.078600,0.01116000,0.076800
-0.362694,-0.179439,-0.341323,0.089817,0.440779,0.023766,0.068600,0.01044000,0.032000
-0.580314,-0.497415,-0.493247,0.179470,0.358624,0.130775,-0.068600,0.01241000,0.032800
-0.215457,-0.437405,-0.560831,0.553182,0.183372,0.094592,-0.027600,0.01470000,0.173700
-0.031133,-0.355336,-0.444546,0.206703,0.021064,0.499588,-0.153800,0.01176000,0.131900
-0.290341,-0.272889,-0.094784,0.097068,0.122260,0.333665,0.212700,0.01255000,-0.029200
-0.283514,-0.365953,-0.332993,0.102900,0.494770,0.520057,0.211100,0.01166000,-0.026000
-0.100132,-0.576078,-0.437536,0.316716,0.160714,0.018110,-0.198500,0.01188000,0.178000
-0.335706,-0.225061,-0.373611,0.240865,0.170532,0.055885,-0.033700,0.00922000,0.087100
-0.161021,-0.185626,-0.284310,0.272179,0.140541,0.231141,0.290100,0.01116000,0.037100
-0.462509,-0.102487,-0.286633,0.307906,0.268059,0.049423,0.195900,0.01223000,0.023700
-0.429779,-0.250090,-0.258163,0.521623,0.193681,0.100221,0.223000,0.01430000,0.055600
-0.109147,-0.425505,-0.467221,0.090653,0.138625,0.050829,-0.220200,0.00893000,0.146200
-0.226700,-0.295593,-0.206628,0.075792,0.513845,0.179158,0.186300,0.01426000,-0.001300
-0.443156,-0.103704,-0.174393,0.365669,0.368041,0.324812,0.540000,0.01257000,-0.063100
-0.013384,-0.597513,-0.139534,0.379458,0.485895,0.249089,0.479100,0.01216000,0.017000
-0.363591,-0.510047,-0.483421,0.386906,0.557267,0.437758,0.061000,0.01450000,0.057100
-0.191289,-0.130463,-0.015993,0.199784,0.446446,0.207697,0.735900,0.00940000,-0.096300
-0.521534,-0.084003,-0.461992,0.303059,0.032259,0.179392,0.047700,0.01406000,0.044500
-0.245493,-0.093893,-0.413679,0.253246,0.204960,0.392722,0.600100,0.01444000,-0.048500
-0.309577,-0.064478,-0.233981,0.279532,0.243220,0.477646,0.507000,0.00907000,-0.058300
-0.089505,-0.077937,-0.115967,0.313674,0.443140,0.254700,0.934300,0.01042000,-0.095300
-0.107368,-0.282596,-0.573051,0.103273,0.204711,0.387894,0.421700,0.01646000,-0.010500
-0.438543,-0.581403,-0.506707,0.122356,0.503286,0.091048,-0.087800,0.01225000,0.056600
-0.155758,-0.425744,-0.163270,0.292428,0.415571,0.181282,0.397900,0.01081000,0.006900
-0.557603,-0.453080,-0.240859,0.459118,0.261455,0.437450,0.043600,0.01568000,0.019100
-0.414908,-0.081439,-0.491527,0.567659,0.557729,0.037060,0.563200,0.01724000,0.019700
-0.541834,-0.301647,-0.270231,0.134641,0.450506,0.327155,0.263700,0.01189000,-0.066100
-0.276345,-0.229374,-0.310110,0.247160,0.189118,0.040814,0.034400,0.00900000,0.081400
-0.298578,-0.423961,-0.447050,0.155331,0.473857,0.211586,0.105200,0.01113000,0.037300
-0.455888,-0.461692,-0.064715,0.491178,0.376687,0.545005,0.331600,0.01655000,-0.038700
-0.553454,-0.402037,-0.334632,0.138168,0.319626,0.357864,0.094700,0.01134000,-0.032100
-0.012767,-0.312065,-0.278832,0.163632,0.572253,0.420022,0.518300,0.01141000,-0.032400
-0.304797,-0.380105,-0.522979,0.330185,0.240128,0.094458,-0.106800,0.01148000,0.130400
-0.041504,-0.258043,-0.101401,0.288545,0.313032,0.215400,0.563400,0.00920000,-0.015600
-0.205549,-0.365786,-0.282188,0.318045,0.144481,0.185803,0.102100,0.01075000,0.075700
-0.393593,-0.103118,-0.149912,0.316805,0.379655,0.468884,0.638800,0.01137000,-0.099200
-0.576186,-0.174363,-0.515182,0.554266,0.065147,0.375189,0.267900,0.01776000,0.024700
-0.163442,-0.466034,-0.157526,0.302515,0.210278,0.470663,0.293200,0.01039000,0.004500
-0.574041,-0.076873,-0.312086,0.214056,0.567815,0.587361,0.441500,0.01618000,-0.114300
-0.128192,-0.224080,-0.039787,0.406940,0.234178,0.368854,0.663200,0.01172000,-0.043500
-0.112794,-0.449252,-0.054969,0.052210,0.472451,0.517871,0.185400,0.02191000,-0.034900
-0.427209,-0.534784,-0.194164,0.480398,0.182989,0.597948,0.004300,0.01663000,0.036800
-0.013150,-0.141525,-0.371744,0.284676,0.192749,0.307543,0.557400,0.01402000,0.003900
-0.441988,-0.418632,-0.077024,0.014694,0.338698,0.341335,0.152600,0.02816000,-0.055400
-0.485842,-0.328438,-0.500877,0.168531,0.360092,0.281611,0.161300,0.01029000,-0.008400
-0.183856,-0.248925,-0.570834,0.288925,0.215494,0.310441,0.454300,0.01810000,0.016000
-0.486814,-0.559018,-0.093809,0.596197,0.337447,0.333829,0.257200,0.01699000,0.012300
-0.044898,-0.091812,-0.210328,0.566720,0.342069,0.563805,0.690400,0.01787000,-0.011900
-0.405111,-0.553476,-0.498551,0.380694,0.096007,0.243029,-0.189100,0.01383000,0.118800
-0.024990,-0.353196,-0.083391,0.486220,0.323249,0.019124,0.534100,0.01425000,0.046600
-0.565021,-0.460557,-0.074915,0.139122,0.442234,0.394631,0.282100,0.01226000,-0.096400
-0.490302,-0.078855,-0.012143,0.465457,0.203819,0.352537,0.639700,0.01528000,-0.083900
-0.281231,-0.059068,-0.377190,0.284548,0.253047,0.414596,0.610400,0.01243000,-0.055900
-0.596753,-0.339186,-0.582350,0.138400,0.346520,0.411960,0.185000,0.01255000,-0.044300
-0.450717,-0.127867,-0.144668,0.188251,0.061419,0.467008,0.198600,0.01364000,-0.043300
-0.424019,-0.048281,-0.145693,0.252012,0.017826,0.436976,0.303100,0.01353000,-0.043500
-0.002585,-0.011477,-0.539310,0.396462,0.492439,0.141628,0.827900,0.01500000,-0.007600
-0.364601,-0.249656,-0.405374,0.489106,0.512182,0.419612,0.250400,0.01371000,0.036600
-0.589188,-0.529769,-0.432921,0.244560,0.178022,0.160090,-0.203500,0.01326000,0.062300
-0.198556,-0.545277,-0.287560,0.311903,0.113680,0.546308,-0.100000,0.01362000,0.085200
-0.024366,-0.341833,-0.265550,0.386023,0.266219,0.101023,0.370600,0.01318000,0.067700
-0.446548,-0.476952,-0.371865,0.076988,0.413920,0.326457,-0.334100,0.01738000,0.064600
-0.042612,-0.159324,-0.296543,0.244742,0.401329,0.121896,0.530500,0.01162000,0.008900
-0.463498,-0.570371,-0.159503,0.572559,0.319966,0.421593,0.154800,0.01687000,0.028500
-0.064545,-0.180327,-0.144640,0.245717,0.218844,0.118776,0.391500,0.00850000,0.023700
-0.222425,-0.427663,-0.480091,0.473773,0.266892,0.014527,-0.044000,0.01303000,0.159900
-0.545554,-0.483725,-0.193519,0.471854,0.281095,0.061313,0.057000,0.01507000,0.049900
-0.054693,-0.293349,-0.088926,0.320630,0.062188,0.540366,0.393100,0.01265000,-0.005700
-0.206185,-0.438096,-0.568614,0.118221,0.462951,0.330014,0.221300,0.01216000,0.019900
-0.328771,-0.534469,-0.338529,0.427719,0.588547,0.298241,0.192800,0.01465000,0.042700
-0.056018,-0.497059,-0.227695,0.154842,0.440479,0.128861,0.250500,0.01046000,0.035200
-0.268415,-0.336867,-0.342335,0.230098,0.586245,0.597168,0.290700,0.01386000,-0.024400
-0.109075,-0.412559,-0.417423,0.459182,0.528221,0.179667,0.262700,0.01329000,0.094000
-0.053487,-0.530245,-0.190535,0.490648,0.250211,0.053521,0.237000,0.01319000,0.105700
-0.400542,-0.274881,-0.356438,0.255790,0.571211,0.188480,0.314500,0.01177000,-0.010400
-0.329561,-0.171712,-0.358852,0.148628,0.211647,0.101075,0.076400,0.00842000,0.045900
-0.029960,-0.177969,-0.520805,0.331712,0.417646,0.086789,0.595600,0.01790000,0.034600
-0.164622,-0.368239,-0.575494,0.429881,0.196162,0.300128,0.169900,0.01492000,0.104400
-0.031731,-0.433143,-0.021461,0.291914,0.352049,0.155787,0.536800,0.01035000,-0.011700
-0.586588,-0.213266,-0.443028,0.413643,0.503259,0.107726,0.289200,0.01524000,0.004200
-0.531209,-0.413457,-0.049798,0.507423,0.092264,0.028464,0.105300,0.01568000,0.044500
-0.366751,-0.527451,-0.252337,0.432206,0.314332,0.408123,0.097000,0.01384000,0.043000
-0.166936,-0.538884,-0.548111,0.316764,0.437101,0.551660,0.066100,0.01366000,0.076500
-0.021428,-0.192060,-0.201751,0.318154,0.310470,0.070356,0.430900,0.00935000,0.041200
-0.133087,-0.215362,-0.247860,0.116501,0.064150,0.101865,0.062100,0.00839000,0.068700
-0.527014,-0.295889,-0.347409,0.201748,0.467999,0.469168,0.306600,0.01305000,-0.067900
-0.413410,-0.107011,-0.507435,0.405918,0.243291,0.345669,0.335900,0.01348000,0.013400
-0.542830,-0.171681,-0.126293,0.134355,0.166351,0.594266,0.122600,0.01578000,-0.070300
-0.372839,-0.338156,-0.279700,0.345218,0.571881,0.233525,0.385900,0.01269000,-0.014000
-0.369456,-0.513770,-0.105425,0.388806,0.360944,0.078350,0.226700,0.01293000,0.026200
-0.553570,-0.270583,-0.582586,0.082123,0.598689,0.243584,-0.245700,0.02379000,0.041800
-0.128369,-0.182698,-0.068935,0.383438,0.365215,0.499316,0.752000,0.01056000,-0.076200
-0.339862,-0.560010,-0.054929,0.445811,0.388141,0.290196,0.381000,0.01385000,-0.011400
-0.151579,-0.327924,-0.505261,0.401030,0.102914,0.114620,0.004300,0.01317000,0.146900
-0.108084,-0.497428,-0.156628,0.352325,0.575222,0.277274,0.536500,0.01281000,-0.014600
-0.372261,-0.353059,-0.214259,0.076108,0.228298,0.012123,-0.104700,0.01375000,0.051800
-0.372270,-0.049535,-0.034665,0.152448,0.081659,0.069098,0.286600,0.01091000,-0.025700
-0.466300,-0.422207,-0.511155,0.244443,0.532089,0.351024,0.193200,0.01279000,-0.004800
-0.180258,-0.105786,-0.092051,0.392166,0.482692,0.302997,0.848200,0.01112000,-0.081100
-0.306542,-0.423077,-0.121288,0.574620,0.567436,0.269545,0.535000,0.01656000,-0.009600
-0.566940,-0.188856,-0.365814,0.098324,0.534216,0.107772,-0.045700,0.01824000,0.003400
-0.169946,-0.505445,-0.296374,0.292767,0.038308,0.244600,-0.037000,0.01184000,0.099800
-0.144476,-0.286548,-0.583786,0.317355,0.490156,0.335064,0.748800,0.01909000,-0.039000
-0.181077,-0.332817,-0.048360,0.570639,0.229767,0.016805,0.480500,0.01399000,0.047700
-0.518588,-0.438805,-0.034587,0.120351,0.027402,0.485322,-0.045200,0.01564000,-0.034100
-0.488096,-0.411334,-0.169096,0.400869,0.380350,0.404431,0.275700,0.01352000,-0.025800
-0.549776,-0.021881,-0.593379,0.244061,0.498374,0.444949,0.666000,0.01474000,-0.114800
-0.306343,-0.258234,-0.512362,0.408609,0.433062,0.425310,0.325400,0.01539000,0.029800
-0.559127,-0.448695,-0.455760,0.455642,0.458722,0.558914,0.011600,0.01647000,0.027900
-0.043604,-0.135727,-0.040267,0.426116,0.501840,0.235446,0.932600,0.01142000,-0.069700
-0.262186,-0.517648,-0.001844,0.168653,0.066151,0.143064,0.104100,0.01130000,0.016700
-0.475403,-0.329436,-0.130286,0.385714,0.024256,0.535430,0.146600,0.01509000,-0.011200
-0.342356,-0.267098,-0.379382,0.156904,0.122393,0.337399,0.015300,0.00777000,0.038400
-0.282428,-0.512868,-0.506886,0.405669,0.025754,0.118885,-0.249800,0.01318000,0.171300
-0.149424,-0.023126,-0.530764,0.447632,0.227388,0.495716,0.860500,0.02372000,-0.048300
-0.003828,-0.389942,-0.052518,0.283966,0.320883,0.578459,0.710300,0.01062000,-0.083700
-0.325290,-0.342197,-0.259211,0.140050,0.063977,0.568144,-0.082400,0.01216000,0.028300
-0.031390,-0.567289,-0.130596,0.114260,0.305307,0.303265,0.345700,0.00974000,-0.014400
-0.258443,-0.207131,-0.053048,0.392049,0.178283,0.434979,0.549200,0.01271000,-0.048600
-0.526335,-0.054353,-0.324632,0.430350,0.098258,0.347468,0.269900,0.01539000,-0.001000
-0.474593,-0.262687,-0.383903,0.177128,0.502943,0.251469,0.304700,0.01193000,-0.039600
-0.585359,-0.315888,-0.562097,0.439670,0.593701,0.073686,0.341600,0.01634000,0.008800
-0.585213,-0.328496,-0.075951,0.384844,0.114068,0.040844,0.066200,0.01445000,0.021100
-0.368787,-0.263327,-0.304099,0.251368,0.482468,0.205997,0.331200,0.01076000,-0.013100
-0.504006,-0.301293,-0.294795,0.129607,0.575425,0.553353,0.267400,0.01446000,-0.081600
-0.476719,-0.453290,-0.433637,0.198250,0.271696,0.374084,0.065400,0.01071000,0.004300
-0.034974,-0.488575,-0.291260,0.329555,0.465288,0.377308,0.366400,0.01155000,0.031500
-0.081716,-0.098987,-0.514029,0.406582,0.068728,0.367931,0.641100,0.02057000,0.007900
-0.167956,-0.324762,-0.284974,0.498433,0.498397,0.389867,0.417800,0.01358000,0.031700
-0.358971,-0.553661,-0.150406,0.470252,0.514741,0.393988,0.328400,0.01516000,-0.005400
-0.322326,-0.286265,-0.288844,0.123977,0.595683,0.161764,0.319800,0.01099000,-0.024300
-0.036202,-0.054539,-0.204641,0.129323,0.536692,0.408807,1.029900,0.01231000,-0.158900
-0.098431,-0.443130,-0.066419,0.428380,0.311256,0.157414,0.484500,0.01225000,0.019500
-0.300648,-0.493791,-0.419192,0.490381,0.097420,0.097778,-0.122500,0.01372000,0.151800
-0.331399,-0.470906,-0.487036,0.085268,0.412330,0.094948,-0.244000,0.01305000,0.103100
-0.407140,-0.408053,-0.131378,0.573784,0.017584,0.176064,0.192700,0.01567000,0.058900
-0.059724,-0.517851,-0.440961,0.383246,0.224905,0.265505,0.036500,0.01238000,0.129900
-0.210456,-0.018412,-0.005044,0.339571,0.147406,0.078938,0.565000,0.01079000,-0.022800
-0.406099,-0.423132,-0.341091,0.416476,0.092433,0.136027,-0.067000,0.01308000,0.098600
-0.378116,-0.264131,-0.502411,0.254611,0.021169,0.237995,-0.121800,0.01160000,0.095300
-0.123051,-0.043366,-0.207794,0.495499,0.068777,0.556044,0.857200,0.01606000,-0.065300
-0.581977,-0.341835,-0.015651,0.575228,0.165166,0.062053,0.276900,0.01706000,0.011200
-0.519296,-0.562011,-0.002828,0.278371,0.511373,0.087966,0.262100,0.01394000,-0.038300
-0.339304,-0.455423,-0.206080,0.140700,0.572869,0.288676,0.349700,0.01227000,-0.051200
-0.460707,-0.198946,-0.507369,0.310877,0.500312,0.195469,0.328400,0.01147000,-0.001900
-0.500783,-0.292148,-0.451756,0.509636,0.295576,0.350631,0.137100,0.01532000,0.048600
-0.369335,-0.359732,-0.103844,0.173875,0.008683,0.365344,0.097500,0.01215000,-0.008000
-0.063255,-0.504041,-0.085639,0.510916,0.334839,0.366355,0.520000,0.01388000,0.015200
-0.148467,-0.494006,-0.168311,0.371695,0.069211,0.129984,0.107100,0.01212000,0.087400
-0.368850,-0.331233,-0.063056,0.170228,0.263140,0.522726,0.446000,0.01130000,-0.100100
-0.134848,-0.568377,-0.032847,0.067507,0.262303,0.365631,0.126300,0.01573000,-0.004800
-0.021706,-0.040494,-0.424361,0.548881,0.030890,0.081006,0.455200,0.01630000,0.099100
-0.216169,-0.299787,-0.436787,0.070817,0.485536,0.335231,0.060700,0.01142000,0.041300
-0.456529,-0.449551,-0.477467,0.236434,0.467797,0.140136,0.050400,0.01189000,0.040700
-0.560031,-0.354852,-0.366200,0.452790,0.298814,0.106210,0.071100,0.01473000,0.052500
-0.577439,-0.245284,-0.386959,0.418191,0.324974,0.409276,0.129100,0.01517000,0.008500
-0.100441,-0.017343,-0.152226,0.490230,0.297401,0.440584,0.992100,0.01403000,-0.086900
-0.334675,-0.341914,-0.278133,0.572977,0.448070,0.035098,0.320700,0.01471000,0.064400
-0.548554,-0.225573,-0.172567,0.228484,0.585246,0.231073,0.479600,0.01382000,-0.092300
-0.220052,-0.598493,-0.343603,0.159076,0.020343,0.045534,-0.354700,0.01131000,0.151300
-0.250756,-0.543136,-0.051742,0.369826,0.448250,0.114720,0.398000,0.01271000,0.001400
-0.018146,-0.377402,-0.363533,0.222686,0.066555,0.362281,0.004000,0.01030000,0.103900
-0.064752,-0.596621,-0.279889,0.173658,0.394660,0.361397,0.282200,0.01114000,0.011700
-0.202452,-0.571915,-0.088851,0.134244,0.077760,0.396826,0.041700,0.01185000,0.018400
-0.200606,-0.587058,-0.033026,0.112605,0.304941,0.278411,0.308600,0.00988000,-0.036500
-0.229638,-0.585798,-0.189689,0.166784,0.089614,0.342294,-0.050800,0.01102000,0.051800
-0.367114,-0.297193,-0.068613,0.524789,0.141034,0.377530,0.488300,0.01485000,-0.022100
-0.591678,-0.189224,-0.095121,0.588077,0.170046,0.263750,0.438400,0.01747000,-0.027000
-0.414561,-0.367894,-0.075805,0.185131,0.213931,0.139135,0.182500,0.01021000,-0.014400
-0.032502,-0.217262,-0.134567,0.117114,0.167292,0.174750,0.357800,0.00665000,0.003700
-0.533254,-0.568415,-0.363050,0.545052,0.281577,0.495380,-0.127800,0.01753000,0.074600
-0.280050,-0.461895,-0.099547,0.471444,0.331974,0.263276,0.419300,0.01354000,0.004100
-0.588841,-0.244484,-0.123924,0.081041,0.412477,0.285338,0.020000,0.02081000,-0.051100
-0.574021,-0.408523,-0.465254,0.539102,0.546547,0.319052,0.104700,0.01792000,0.040800
-0.181872,-0.422433,-0.436153,0.090825,0.213138,0.438438,-0.062200,0.01053000,0.065100
-0.569733,-0.506887,-0.020580,0.271238,0.271136,0.487813,0.264800,0.01211000,-0.081200
-0.513018,-0.554521,-0.516808,0.352616,0.197019,0.152035,-0.159900,0.01377000,0.094800
-0.448466,-0.563801,-0.010591,0.320667,0.367851,0.258141,0.318700,0.01288000,-0.041600
-0.295664,-0.504702,-0.337685,0.378710,0.307993,0.199011,0.073600,0.01233000,0.076900
-0.077264,-0.335051,-0.309141,0.143837,0.312963,0.251030,0.279400,0.00895000,0.023200
-0.375868,-0.284973,-0.380697,0.350899,0.151915,0.085865,-0.036200,0.01079000,0.095800
-0.321075,-0.369750,-0.164982,0.217856,0.282397,0.355748,0.361300,0.00946000,-0.041400
-0.205700,-0.353084,-0.443727,0.576117,0.535252,0.590921,0.148000,0.01753000,0.087500
-0.529147,-0.081134,-0.282606,0.252699,0.564890,0.167726,0.462700,0.01372000,-0.064600
-0.237586,-0.486729,-0.468000,0.369841,0.446791,0.470881,0.084800,0.01284000,0.071700
-0.383228,-0.308145,-0.488950,0.143387,0.510475,0.360690,0.231400,0.01153000,-0.014700
-0.118916,-0.008551,-0.014123,0.481284,0.516565,0.031403,0.938900,0.01207000,-0.053300
-0.241047,-0.049387,-0.150061,0.367722,0.103647,0.027296,0.345300,0.00981000,0.037200
-0.379264,-0.048665,-0.284614,0.283279,0.126271,0.249191,0.287100,0.01220000,-0.000000
-0.034150,-0.428478,-0.408656,0.273581,0.214409,0.496649,0.126400,0.01043000,0.074600
-0.441293,-0.149289,-0.484534,0.436647,0.113443,0.500467,0.145500,0.01554000,0.038300
-0.346760,-0.011710,-0.089358,0.512980,0.511633,0.072544,0.789500,0.01495000,-0.051300
-0.370104,-0.346576,-0.379333,0.480005,0.202123,0.469834,0.030100,0.01366000,0.074200
-0.138595,-0.584035,-0.587447,0.368868,0.196383,0.049137,-0.160700,0.01320000,0.182500
-0.126547,-0.078067,-0.371834,0.234330,0.202084,0.156077,0.487100,0.01344000,0.008800
-0.516204,-0.164803,-0.327447,0.163662,0.041952,0.054226,-0.135800,0.01239000,0.056100
-0.244907,-0.165903,-0.371908,0.383897,0.580156,0.581209,0.689600,0.01734000,-0.066500
-0.368670,-0.155882,-0.546011,0.322086,0.001971,0.512681,0.125900,0.01795000,0.042300
-0.575208,-0.570882,-0.190872,0.417713,0.519237,0.475448,0.163300,0.01617000,-0.027800
-0.125046,-0.457621,-0.439778,0.097584,0.012779,0.236225,-0.239400,0.01054000,0.131200
-0.017835,-0.052618,-0.422543,0.526673,0.306900,0.081862,0.646400,0.01547000,0.054100
-0.177124,-0.575042,-0.075081,0.152900,0.437134,0.544318,0.460600,0.01259000,-0.080800
-0.590172,-0.310369,-0.551797,0.580393,0.260677,0.355149,0.254600,0.01802000,0.030200
-0.088809,-0.562738,-0.128213,0.551837,0.082678,0.505389,0.317100,0.01508000,0.053900
-0.363155,-0.070960,-0.398682,0.509272,0.579239,0.087647,0.562400,0.01549000,0.007600
-0.439553,-0.517048,-0.206345,0.283621,0.508464,0.041667,0.132400,0.01309000,0.021900
-0.561382,-0.093834,-0.486017,0.068001,0.419933,0.106000,-0.123200,0.01970000,0.030900
-0.081217,-0.233328,-0.046799,0.212806,0.365987,0.509861,0.804400,0.00978000,-0.121500
-0.292203,-0.170249,-0.289908,0.218362,0.136305,0.177224,0.148200,0.00916000,0.038200
-0.379578,-0.535635,-0.370522,0.000305,0.087325,0.220168,-0.374600,0.02923000,0.098900
-0.395386,-0.589903,-0.330882,0.230999,0.597455,0.328924,0.151100,0.01397000,-0.000600
-0.479945,-0.305910,-0.255389,0.252795,0.324662,0.565600,0.296900,0.01282000,-0.063200
-0.320231,-0.325728,-0.243038,0.552915,0.272238,0.182096,0.322100,0.01376000,0.052400
-0.486073,-0.476253,-0.046302,0.125326,0.204572,0.345383,0.047600,0.01389000,-0.034800
-0.122443,-0.342703,-0.542948,0.237629,0.388856,0.319817,0.443400,0.01332000,0.009300
-0.296634,-0.321232,-0.113508,0.050481,0.506931,0.582103,0.036600,0.02729000,-0.038900
-0.381052,-0.584124,-0.573891,0.149243,0.140762,0.397012,-0.288600,0.01184000,0.096700
-0.269370,-0.510771,-0.515144,0.163541,0.017937,0.558611,-0.472600,0.01317000,0.148300
-0.348608,-0.338242,-0.143962,0.119563,0.252145,0.107678,0.143100,0.00908000,0.002000
-0.248037,-0.481442,-0.226412,0.342453,0.516294,0.399622,0.382000,0.01252000,-0.012000
-0.107395,-0.129241,-0.469856,0.440825,0.326421,0.566034,0.675000,0.02075000,-0.018500
-0.139904,-0.526075,-0.585843,0.413597,0.547335,0.009734,0.110900,0.01451000,0.136100
-0.153893,-0.584500,-0.402164,0.486810,0.072746,0.562333,-0.133000,0.01512000,0.141200
-0.046526,-0.047516,-0.287262,0.590284,0.352047,0.561861,0.664700,0.01860000,0.004000
-0.368518,-0.534313,-0.317873,0.359392,0.260210,0.552765,-0.002100,0.01260000,0.043600
-0.335269,-0.285536,-0.500460,0.496540,0.077792,0.489236,-0.027800,0.01447000,0.109400
-0.468204,-0.120270,-0.010328,0.502167,0.319626,0.024733,0.552500,0.01482000,-0.028600
-0.258664,-0.230020,-0.521770,0.374600,0.329999,0.295277,0.520500,0.01737000,0.005300
-0.407822,-0.362711,-0.263873,0.164575,0.532060,0.233676,0.303500,0.01176000,-0.038300
-0.325460,-0.413139,-0.402253,0.340588,0.454988,0.373390,0.163800,0.01179000,0.037600
-0.204007,-0.088289,-0.228429,0.340764,0.198054,0.206409,0.520500,0.01150000,-0.006100
-0.360938,-0.095888,-0.577517,0.252694,0.144840,0.420852,0.315900,0.01740000,0.001200
-0.329192,-0.387425,-0.313697,0.480598,0.388548,0.135039,0.222800,0.01307000,0.064000
-0.305807,-0.579369,-0.438841,0.314079,0.228224,0.536178,-0.118500,0.01224000,0.082600
-0.013192,-0.578135,-0.431815,0.560636,0.479119,0.200051,0.693300,0.01982000,0.038400
-0.294986,-0.389805,-0.529322,0.223885,0.231264,0.517889,-0.124600,0.01278000,0.082600
-0.151302,-0.139605,-0.262964,0.245497,0.353875,0.373594,0.702400,0.01120000,-0.069200
-0.461713,-0.401470,-0.541265,0.298936,0.167429,0.177075,-0.140900,0.01165000,0.094100
-0.095615,-0.175229,-0.016736,0.505820,0.035050,0.525349,0.696700,0.01381000,-0.038900
-0.555845,-0.198927,-0.061236,0.236695,0.096607,0.126312,0.163900,0.01300000,-0.024900
-0.555708,-0.343336,-0.481694,0.185950,0.280046,0.476678,0.166800,0.01219000,-0.038600
-0.001601,-0.109088,-0.384005,0.281163,0.549892,0.525459,0.840400,0.01421000,-0.081600
-0.389760,-0.245745,-0.226239,0.340597,0.444487,0.261771,0.446000,0.01178000,-0.033300
-0.103986,-0.442114,-0.208009,0.190579,0.529919,0.577612,0.465600,0.01293000,-0.053000
-0.484541,-0.327714,-0.060943,0.320510,0.181252,0.248753,0.285700,0.01293000,-0.033000
-0.178127,-0.192234,-0.285990,0.495576,0.585763,0.172218,0.598300,0.01447000,0.015000
-0.059061,-0.047139,-0.304013,0.107866,0.015987,0.534894,0.434100,0.01632000,-0.034900
-0.548930,-0.045343,-0.217952,0.180181,0.182426,0.028085,0.089700,0.01174000,0.003300
-0.012241,-0.472229,-0.331168,0.378635,0.412088,0.036101,0.377900,0.01390000,0.074600
-0.537098,-0.202874,-0.104540,0.306163,0.039222,0.543884,0.179500,0.01555000,-0.045800
-0.404797,-0.296463,-0.041579,0.460015,0.319046,0.570987,0.483900,0.01581000,-0.065700
-0.399706,-0.506694,-0.327783,0.091660,0.169963,0.321515,-0.284300,0.01388000,0.069200
-0.454304,-0.374329,-0.487732,0.395346,0.081671,0.228426,-0.093300,0.01278000,0.095800
-0.364284,-0.040710,-0.423726,0.317860,0.557016,0.233353,0.614600,0.01286000,-0.049400
-0.180143,-0.149028,-0.482855,0.501331,0.013640,0.024657,0.270300,0.01938000,0.119500
-0.544925,-0.563269,-0.083250,0.237522,0.592721,0.566037,0.297800,0.01637000,-0.099400
-0.520642,-0.388066,-0.099531,0.509355,0.284871,0.084506,0.260000,0.01525000,0.015700
-0.090829,-0.223659,-0.065617,0.377062,0.138309,0.201861,0.512300,0.01085000,0.004700
-0.221138,-0.472262,-0.150164,0.285765,0.263019,0.300256,0.292600,0.01051000,0.005400
-0.277991,-0.435885,-0.117399,0.081892,0.182492,0.511508,0.003300,0.01588000,-0.003500
-0.031471,-0.035185,-0.321358,0.084403,0.095087,0.373687,0.528900,0.01514000,-0.042400
-0.242545,-0.420602,-0.266757,0.421283,0.276763,0.187808,0.205700,0.01215000,0.064500
-0.195582,-0.419135,-0.473053,0.528257,0.516401,0.258654,0.146800,0.01479000,0.112500
-0.548005,-0.409526,-0.075756,0.181257,0.071510,0.424683,0.001900,0.01418000,-0.029800
-0.057858,-0.021849,-0.105116,0.086414,0.069866,0.093342,0.410600,0.00798000,-0.011600
-0.095190,-0.434908,-0.522068,0.532666,0.095869,0.419833,0.012900,0.01464000,0.155400
-0.440626,-0.248414,-0.276189,0.118859,0.296645,0.222568,0.179500,0.00975000,-0.020900
-0.384297,-0.398755,-0.014121,0.417729,0.398811,0.029494,0.405500,0.01315000,-0.006900
-0.583844,-0.461793,-0.023541,0.235933,0.083668,0.376933,0.043500,0.01428000,-0.035600
-0.332742,-0.428557,-0.332880,0.278070,0.327152,0.408869,0.173100,0.01038000,0.014600
-0.431112,-0.228988,-0.562278,0.266786,0.211095,0.028302,-0.060600,0.01134000,0.096500
-0.211063,-0.248207,-0.590956,0.313566,0.168821,0.244426,0.371100,0.01917000,0.042300
-0.424456,-0.125215,-0.171064,0.086790,0.243093,0.580756,0.090800,0.01915000,-0.047300
-0.417263,-0.185469,-0.253641,0.427434,0.006567,0.557926,0.180300,0.01503000,0.011700
-0.556786,-0.478045,-0.418080,0.458735,0.091460,0.456865,-0.150300,0.01606000,0.072200
-0.453616,-0.156421,-0.071813,0.399996,0.339493,0.480176,0.575300,0.01368000,-0.088800
-0.305805,-0.326965,-0.383992,0.152332,0.140232,0.174221,-0.072500,0.00852000,0.075100
-0.019799,-0.446745,-0.347619,0.438301,0.351427,0.475745,0.418700,0.01610000,0.039800
-0.037225,-0.324317,-0.465017,0.420055,0.375125,0.271387,0.373400,0.01167000,0.071300
-0.181212,-0.477779,-0.111358,0.343566,0.241875,0.460318,0.331700,0.01181000,-0.002400
-0.409900,-0.300911,-0.379081,0.577352,0.528963,0.598058,0.194500,0.01805000,0.030700
-0.041181,-0.124109,-0.220855,0.350772,0.337733,0.036755,0.543500,0.01127000,0.030100
-0.409633,-0.488264,-0.108004,0.229863,0.446603,0.000927,0.142900,0.01199000,0.012800
-0.186454,-0.478422,-0.019789,0.140913,0.268630,0.515653,0.455300,0.01140000,-0.082800
-0.465000,-0.531666,-0.523648,0.518731,0.144170,0.347774,-0.061600,0.01571000,0.100800
-0.424584,-0.542154,-0.083241,0.362796,0.057804,0.338283,0.100700,0.01417000,0.013500
-0.155868,-0.279105,-0.574130,0.222902,0.343525,0.395956,0.654200,0.01656000,-0.047700
-0.116854,-0.197351,-0.046498,0.403551,0.269777,0.316112,0.692700,0.01117000,-0.042800
-0.360700,-0.368818,-0.413459,0.275103,0.074289,0.430149,-0.187300,0.01183000,0.091000
-0.498239,-0.183283,-0.391043,0.034666,0.160715,0.504662,0.063300,0.03008000,-0.029300
-0.208630,-0.166940,-0.277459,0.470803,0.297491,0.090393,0.404000,0.01260000,0.055200
-0.068303,-0.204397,-0.373722,0.226949,0.157681,0.360105,0.425400,0.01155000,0.008300
-0.209738,-0.048664,-0.110837,0.318856,0.465978,0.395224,0.947400,0.01071000,-0.128700
-0.454130,-0.402148,-0.368877,0.402278,0.190321,0.351435,-0.012100,0.01334000,0.060300
-0.029151,-0.055295,-0.112704,0.515802,0.312045,0.324654,0.858700,0.01463000,-0.036500
-0.175548,-0.102549,-0.224706,0.450153,0.209145,0.154307,0.557800,0.01276000,0.017400
-0.373905,-0.385986,-0.404130,0.176705,0.446092,0.228554,0.143400,0.01079000,0.014800
-0.493138,-0.090368,-0.313582,0.288551,0.371074,0.433103,0.445100,0.01208000,-0.067400
-0.525619,-0.237845,-0.096528,0.208023,0.215764,0.301252,0.321800,0.01087000,-0.068600
-0.266042,-0.278641,-0.096246,0.000602,0.284124,0.119526,0.106600,0.00004000,0.001400
-0.488194,-0.307629,-0.041831,0.012303,0.457956,0.141836,0.203700,0.02670000,-0.062800
-0.510048,-0.443600,-0.565578,0.174108,0.562383,0.233819,0.168000,0.01297000,-0.007200
-0.294390,-0.403705,-0.341204,0.343717,0.020321,0.377914,-0.055200,0.01213000,0.086200
-0.347706,-0.001414,-0.396627,0.581620,0.055916,0.012648,0.245300,0.01608000,0.099400
-0.354603,-0.539915,-0.447870,0.522949,0.330000,0.538854,-0.139500,0.01632000,0.112600
-0.087666,-0.530554,-0.025613,0.222333,0.350967,0.402055,0.581200,0.01033000,-0.067800
-0.478320,-0.565831,-0.421057,0.133043,0.566146,0.437173,0.015200,0.01426000,-0.007600
-0.064754,-0.440034,-0.236744,0.089938,0.391731,0.529727,0.358900,0.01108000,-0.035400
-0.332729,-0.534667,-0.188009,0.067205,0.327240,0.205567,-0.128200,0.01611000,0.039800
-0.272685,-0.336109,-0.458204,0.271487,0.008423,0.010027,-0.287700,0.01079000,0.165800
-0.352516,-0.500740,-0.537001,0.596266,0.002963,0.585740,-0.175900,0.01641000,0.145600
-0.594613,-0.584910,-0.083362,0.411010,0.074769,0.032316,-0.163100,0.01569000,0.065000
-0.579150,-0.535134,-0.247779,0.210643,0.131254,0.509821,-0.189600,0.01318000,0.012400
-0.483527,-0.134312,-0.405283,0.333411,0.204203,0.226185,0.198400,0.01323000,0.017600
-0.411702,-0.590907,-0.567809,0.565312,0.184785,0.586083,-0.298200,0.01765000,0.149000
-0.416526,-0.199740,-0.489079,0.334092,0.374708,0.598582,0.336500,0.01232000,-0.026200
-0.272972,-0.244236,-0.588155,0.151069,0.232139,0.567565,0.379200,0.01953000,-0.032800
-0.480585,-0.577265,-0.354890,0.008133,0.300297,0.090922,-0.369600,0.02561000,0.081600
-0.387755,-0.469537,-0.320369,0.503827,0.356777,0.477091,0.072100,0.01526000,0.055700
-0.010812,-0.563150,-0.073780,0.109721,0.373961,0.379972,0.440800,0.00974000,-0.043000
-0.010230,-0.325265,-0.182936,0.318499,0.428178,0.153493,0.519500,0.01024000,0.013300
-0.367221,-0.010640,-0.251369,0.189131,0.213117,0.481263,0.449500,0.01084000,-0.072700
-0.108389,-0.079089,-0.202060,0.183369,0.171889,0.483718,0.735700,0.01052000,-0.099000
-0.398638,-0.166146,-0.289238,0.081410,0.060042,0.373040,-0.019500,0.01424000,0.012700
-0.175114,-0.317975,-0.178498,0.127759,0.058293,0.089714,0.039500,0.00890000,0.059900
-0.022335,-0.314785,-0.076364,0.245500,0.527788,0.170805,0.669500,0.01065000,-0.044100
-0.322556,-0.486643,-0.557006,0.441521,0.424676,0.562990,-0.095100,0.01452000,0.105600
-0.116451,-0.205252,-0.315616,0.451485,0.597027,0.234600,0.620200,0.01455000,0.008800
-0.565672,-0.518713,-0.467139,0.458674,0.041314,0.057901,-0.268000,0.01534000,0.128900
-0.244266,-0.550032,-0.035986,0.175966,0.303593,0.383586,0.435000,0.01042000,-0.068100
-0.204674,-0.032639,-0.232747,0.304193,0.473502,0.387890,0.953800,0.01230000,-0.122100
-0.510950,-0.011673,-0.183142,0.547448,0.027463,0.388659,0.476400,0.01686000,-0.027900
-0.493399,-0.378047,-0.228203,0.314674,0.093347,0.330031,0.036500,0.01337000,0.018500
-0.104342,-0.411088,-0.289862,0.234343,0.372360,0.080953,0.174400,0.01004000,0.070100
-0.357469,-0.155903,-0.022622,0.122685,0.318412,0.420862,0.611100,0.00947000,-0.130000
-0.176481,-0.054960,-0.431063,0.196475,0.266196,0.418967,0.830100,0.01415000,-0.102900
-0.479458,-0.124208,-0.276708,0.411558,0.266353,0.391281,0.319900,0.01415000,-0.015700
-0.253487,-0.445400,-0.433654,0.137368,0.279148,0.247000,0.026400,0.00972000,0.054800
-0.232470,-0.014865,-0.019856,0.351732,0.230753,0.112226,0.635100,0.01109000,-0.039900
-0.593762,-0.171222,-0.507880,0.596159,0.513583,0.581146,0.176500,0.02191000,0.014000
-0.350575,-0.536092,-0.139354,0.436377,0.335966,0.194265,0.252600,0.01362000,0.025800
-0.405530,-0.502988,-0.421296,0.590434,0.227655,0.177700,0.013800,0.01562000,0.115800
-0.575485,-0.332836,-0.091325,0.207643,0.402417,0.277228,0.369600,0.01232000,-0.089000
-0.520591,-0.537648,-0.194806,0.149437,0.308159,0.224329,0.034200,0.01150000,-0.012600
-0.002670,-0.042230,-0.080774,0.381819,0.304755,0.385494,0.852600,0.01232000,-0.067800
-0.256115,-0.088797,-0.220593,0.173157,0.039386,0.172918,0.234700,0.00975000,0.014300
-0.577866,-0.071544,-0.212750,0.088449,0.238415,0.187492,0.092900,0.01717000,-0.035700
-0.541212,-0.598201,-0.378812,0.347117,0.217428,0.542343,-0.262500,0.01531000,0.063500
-0.325890,-0.236514,-0.297798,0.349412,0.046047,0.338982,0.121400,0.01129000,0.047200
-0.446814,-0.409286,-0.333194,0.277416,0.424149,0.469096,0.231300,0.01204000,-0.025300
-0.240035,-0.166460,-0.327533,0.100800,0.342425,0.465240,0.440500,0.01124000,-0.057700
-0.414022,-0.312914,-0.079916,0.441356,0.011605,0.552548,0.292600,0.01519000,-0.022900
-0.204174,-0.089026,-0.273964,0.199372,0.416198,0.457663,0.876500,0.01264000,-0.132100
-0.478763,-0.339491,-0.060168,0.452423,0.409675,0.243772,0.492400,0.01417000,-0.048700
-0.082253,-0.084853,-0.135490,0.009563,0.311716,0.309153,0.613700,0.02538000,-0.084100
-0.466372,-0.156471,-0.183969,0.427923,0.426928,0.060744,0.428200,0.01379000,-0.011000
-0.347175,-0.187973,-0.449098,0.242680,0.501706,0.066061,0.302200,0.01206000,0.021500
-0.192365,-0.038791,-0.251190,0.497475,0.467949,0.436986,0.919100,0.01565000,-0.076500
-0.523480,-0.162169,-0.503275,0.332134,0.126589,0.547689,-0.028000,0.01652000,0.034800
-0.466117,-0.339284,-0.410818,0.344857,0.032790,0.545188,-0.187300,0.01438000,0.072200
-0.581857,-0.568944,-0.154208,0.330424,0.058595,0.559833,-0.198900,0.01664000,0.020600
-0.520683,-0.405012,-0.569873,0.101985,0.317179,0.009498,-0.294900,0.01332000,0.092700
-0.265209,-0.519391,-0.338794,0.139391,0.332545,0.224385,0.065300,0.01042000,0.037300
-0.140435,-0.391781,-0.472234,0.144269,0.124646,0.229544,-0.034000,0.00885000,0.096000
-0.451961,-0.346410,-0.519755,0.061839,0.439313,0.291386,-0.393500,0.00067000,0.064200
-0.338594,-0.402047,-0.053574,0.434835,0.436044,0.102179,0.473000,0.01316000,-0.012700
-0.134545,-0.240101,-0.166895,0.348177,0.401601,0.163556,0.516600,0.01018000,0.002100
-0.470996,-0.026900,-0.339632,0.443427,0.577516,0.141756,0.553500,0.01544000,-0.029700
-0.265134,-0.142121,-0.221513,0.451825,0.027267,0.224601,0.317800,0.01179000,0.043600
-0.144506,-0.569485,-0.453043,0.156047,0.368547,0.197676,0.024300,0.01109000,0.080100
-0.389479,-0.313698,-0.041594,0.073635,0.555464,0.418082,0.179200,0.02485000,-0.075000
-0.592002,-0.572661,-0.286224,0.496386,0.338247,0.191677,0.024800,0.01636000,0.046100
-0.278108,-0.183062,-0.242100,0.596694,0.149047,0.347725,0.438900,0.01364000,0.035400
-0.199445,-0.361353,-0.454433,0.461920,0.024368,0.494797,-0.051400,0.01368000,0.127800
-0.085973,-0.204247,-0.163439,0.319465,0.482687,0.129601,0.582400,0.01034000,-0.006400
-0.304315,-0.079509,-0.105654,0.296126,0.218201,0.344909,0.558300,0.01090000,-0.062500
-0.117496,-0.011634,-0.217531,0.537233,0.503931,0.199801,1.126400,0.01471000,-0.078100
-0.105469,-0.084304,-0.222555,0.491406,0.413189,0.399334,0.917300,0.01516000,-0.061800
-0.075908,-0.568645,-0.202257,0.548712,0.331401,0.579631,0.251000,0.01654000,0.062400
-0.241125,-0.129604,-0.215357,0.401895,0.041414,0.530066,0.373400,0.01327000,0.000100
-0.360825,-0.171063,-0.479237,0.360936,0.471087,0.081688,0.370200,0.01327000,0.029000
-0.376339,-0.263678,-0.109485,0.259945,0.060471,0.416398,0.235400,0.01252000,-0.024600
-0.008061,-0.506331,-0.103266,0.461810,0.330960,0.369704,0.533800,0.01495000,0.012900
-0.257223,-0.465159,-0.238468,0.067619,0.324527,0.537551,-0.160800,0.01801000,0.037300
-0.361537,-0.097335,-0.584552,0.374466,0.110142,0.294934,0.396100,0.01811000,0.019600
-0.502603,-0.045642,-0.493725,0.320294,0.103039,0.229522,0.193600,0.01410000,0.020300
-0.028956,-0.154063,-0.059407,0.265310,0.445916,0.573416,0.949400,0.01071000,-0.138100
-0.327067,-0.525016,-0.409993,0.377505,0.583006,0.238784,0.144200,0.01389000,0.055700
-0.139300,-0.500520,-0.220497,0.292496,0.225866,0.022400,0.042900,0.01073000,0.100100
-0.190915,-0.451244,-0.299374,0.390002,0.065475,0.138345,0.000400,0.01210000,0.116300
-0.444265,-0.003570,-0.115634,0.322791,0.261216,0.368084,0.570000,0.01232000,-0.083600
-0.502321,-0.123623,-0.221741,0.317576,0.030286,0.383832,0.198800,0.01408000,-0.015400
-0.194600,-0.096238,-0.536723,0.096791,0.167803,0.056103,0.229300,0.01795000,0.050400
-0.338283,-0.128912,-0.282256,0.325290,0.009189,0.096015,0.082200,0.01099000,0.068100
-0.109855,-0.094407,-0.134445,0.203621,0.428812,0.497093,0.979900,0.01094000,-0.155300
-0.372311,-0.451738,-0.144700,0.466953,0.309945,0.385033,0.293200,0.01400000,0.004200
-0.469574,-0.035519,-0.574655,0.352321,0.319513,0.008294,0.245600,0.01382000,0.047000
-0.106733,-0.338045,-0.254888,0.347668,0.466954,0.204750,0.439100,0.01104000,0.023500
-0.409209,-0.200305,-0.511136,0.426869,0.203374,0.414189,0.137800,0.01370000,0.053600
-0.528587,-0.552691,-0.068301,0.148883,0.030358,0.598210,-0.220000,0.01698000,-0.006200
-0.469776,-0.376577,-0.001011,0.171649,0.262424,0.492502,0.431100,0.01095000,-0.115600
-0.527916,-0.019694,-0.244025,0.105454,0.435221,0.576935,0.247200,0.01703000,-0.088400
-0.068363,-0.240604,-0.552497,0.124244,0.543218,0.489734,0.874000,0.01884000,-0.115800
-0.218835,-0.365842,-0.141676,0.251841,0.355174,0.024450,0.250900,0.01007000,0.032200
-0.554722,-0.224957,-0.196022,0.337279,0.047841,0.163291,0.076000,0.01409000,0.017300
-0.147976,-0.087143,-0.573918,0.117255,0.166349,0.009917,0.199000,0.01813000,0.075400
-0.205673,-0.412607,-0.335034,0.053556,0.053221,0.463104,-0.238400,0.01482000,0.086000
-0.475886,-0.174658,-0.308145,0.096671,0.271708,0.423615,-0.032300,0.01620000,-0.004100
-0.395425,-0.519840,-0.537033,0.206020,0.157923,0.448593,-0.250000,0.01175000,0.089800
-0.286350,-0.351915,-0.180349,0.095974,0.344413,0.052895,0.126200,0.00902000,0.019400
-0.430516,-0.405193,-0.382193,0.548262,0.477502,0.415670,0.121900,0.01611000,0.054000
-0.148147,-0.469677,-0.307603,0.143752,0.471679,0.118017,0.163800,0.01071000,0.044900
-0.225322,-0.254911,-0.585020,0.278188,0.482022,0.459879,0.786600,0.01900000,-0.079200
-0.510591,-0.036375,-0.120623,0.465124,0.243063,0.067858,0.431500,0.01477000,-0.014500
-0.158582,-0.572429,-0.103539,0.182170,0.298491,0.596272,0.143800,0.01970000,-0.012300
-0.029997,-0.042208,-0.542870,0.202527,0.327818,0.048452,0.524200,0.01784000,0.030900
-0.105663,-0.066369,-0.329310,0.459800,0.275361,0.369000,0.832700,0.01661000,-0.038500
-0.161676,-0.416577,-0.247928,0.154968,0.487568,0.384207,0.407000,0.01097000,-0.034600
-0.579310,-0.335874,-0.585866,0.344172,0.587532,0.499525,0.326300,0.01639000,-0.043000
-0.136603,-0.235515,-0.525223,0.191948,0.449007,0.374693,0.737100,0.01683000,-0.069900
-0.166432,-0.490076,-0.142261,0.124386,0.233237,0.470393,0.281800,0.01049000,-0.031400
-0.229087,-0.407943,-0.157447,0.316122,0.434729,0.043019,0.310600,0.01124000,0.028700
-0.235304,-0.075770,-0.597034,0.408773,0.470029,0.348428,0.977800,0.02233000,-0.075900
-0.216150,-0.394348,-0.542120,0.147890,0.010619,0.570751,-0.331700,0.01175000,0.131500
-0.019928,-0.064661,-0.087038,0.169685,0.042559,0.196042,0.535700,0.00875000,-0.028800
-0.430369,-0.481577,-0.472991,0.431505,0.595142,0.448022,0.048000,0.01575000,0.051000
-0.429044,-0.005150,-0.178097,0.553332,0.283421,0.025430,0.495700,0.01562000,0.012100
-0.357654,-0.280742,-0.183049,0.335817,0.416137,0.439512,0.485400,0.01130000,-0.056200
-0.377874,-0.292050,-0.281141,0.535848,0.354454,0.117158,0.304300,0.01387000,0.049700
-0.221945,-0.459385,-0.210857,0.134668,0.450029,0.395743,0.381100,0.01104000,-0.047700
-0.463256,-0.251953,-0.375460,0.163272,0.216998,0.068849,-0.051100,0.01012000,0.050400
-0.060549,-0.219080,-0.488581,0.267496,0.296917,0.480098,0.719700,0.01518000,-0.052300
-0.351228,-0.353531,-0.380042,0.463176,0.521610,0.531983,0.206200,0.01437000,0.029000
-0.561207,-0.466884,-0.329353,0.551901,0.353431,0.531908,-0.022600,0.01813000,0.042500
-0.193882,-0.299358,-0.133484,0.344261,0.026993,0.127669,0.210900,0.01104000,0.054300
-0.312854,-0.110010,-0.047843,0.424062,0.559245,0.371391,0.877000,0.01364000,-0.113600
-0.241694,-0.032403,-0.214895,0.072298,0.069810,0.242227,0.336700,0.01445000,-0.028600
-0.041813,-0.157887,-0.265657,0.446617,0.330290,0.539101,0.573400,0.01493000,-0.002800
-0.215841,-0.135073,-0.163745,0.207093,0.481568,0.039802,0.461000,0.00936000,-0.014200
-0.322507,-0.260606,-0.041112,0.152600,0.268209,0.432380,0.562800,0.00927000,-0.111000
-0.230197,-0.073255,-0.462331,0.097683,0.310748,0.029701,0.304400,0.01457000,0.025500
-0.356869,-0.535319,-0.036427,0.467783,0.460720,0.298154,0.456000,0.01434000,-0.027900
-0.496209,-0.151110,-0.263629,0.212823,0.176563,0.515929,0.205300,0.01231000,-0.045100
-0.498208,-0.390755,-0.168325,0.197494,0.068187,0.028492,-0.155800,0.01198000,0.054700
-0.363985,-0.066227,-0.461304,0.163297,0.083436,0.523897,0.106600,0.01255000,0.009300
